STRUCTURE,STRUCTURE_ID,STRUCTURE_NAME,freq,Time frequency,unit,Unit of measure,sex,Sex,age,Age class,icd10,International Statistical Classification of Diseases and Related Health Problems (ICD-10),geo,Geopolitical entity (reporting),TIME_PERIOD,Time,OBS_VALUE,Observation value,OBS_FLAG,Observation status (Flag) V2 structure,CONF_STATUS,Confidentiality status (flag)
dataflow,ESTAT:HLTH_CD_ASDR2(1.0),Causes of death - standardised death rate by NUTS 2 region of residence,A,Annual,RT,Rate,T,Total,TOTAL,Total,X60-X84_Y870,Intentional self-harm,AT,Austria,2011,,15.54,,,,,
dataflow,ESTAT:HLTH_CD_ASDR2(1.0),Causes of death - standardised death rate by NUTS 2 region of residence,A,Annual,RT,Rate,T,Total,TOTAL,Total,X60-X84_Y870,Intentional self-harm,AT,Austria,2012,,15.2,,,,,
dataflow,ESTAT:HLTH_CD_ASDR2(1.0),Causes of death - standardised death rate by NUTS 2 region of residence,A,Annual,RT,Rate,T,Total,TOTAL,Total,X60-X84_Y870,Intentional self-harm,AT,Austria,2013,,15.35,,,,,
dataflow,ESTAT:HLTH_CD_ASDR2(1.0),Causes of death - standardised death rate by NUTS 2 region of residence,A,Annual,RT,Rate,T,Total,TOTAL,Total,X60-X84_Y870,Intentional self-harm,AT,Austria,2014,,15.25,,,,,
dataflow,ESTAT:HLTH_CD_ASDR2(1.0),Causes of death - standardised death rate by NUTS 2 region of residence,A,Annual,RT,Rate,T,Total,TOTAL,Total,X60-X84_Y870,Intentional self-harm,AT,Austria,2015,,14.45,,,,,
dataflow,ESTAT:HLTH_CD_ASDR2(1.0),Causes of death - standardised death rate by NUTS 2 region of residence,A,Annual,RT,Rate,T,Total,TOTAL,Total,X60-X84_Y870,Intentional self-harm,AT,Austria,2016,,13.63,,,,,
dataflow,ESTAT:HLTH_CD_ASDR2(1.0),Causes of death - standardised death rate by NUTS 2 region of residence,A,Annual,RT,Rate,T,Total,TOTAL,Total,X60-X84_Y870,Intentional self-harm,AT,Austria,2017,,13.84,,,,,
dataflow,ESTAT:HLTH_CD_ASDR2(1.0),Causes of death - standardised death rate by NUTS 2 region of residence,A,Annual,RT,Rate,T,Total,TOTAL,Total,X60-X84_Y870,Intentional self-harm,AT,Austria,2018,,13.62,,,,,
dataflow,ESTAT:HLTH_CD_ASDR2(1.0),Causes of death - standardised death rate by NUTS 2 region of residence,A,Annual,RT,Rate,T,Total,TOTAL,Total,X60-X84_Y870,Intentional self-harm,AT,Austria,2019,,12.32,,,,,
dataflow,ESTAT:HLTH_CD_ASDR2(1.0),Causes of death - standardised death rate by NUTS 2 region of residence,A,Annual,RT,Rate,T,Total,TOTAL,Total,X60-X84_Y870,Intentional self-harm,AT,Austria,2020,,11.73,,,,,
dataflow,ESTAT:HLTH_CD_ASDR2(1.0),Causes of death - standardised death rate by NUTS 2 region of residence,A,Annual,RT,Rate,T,Total,TOTAL,Total,X60-X84_Y870,Intentional self-harm,AT,Austria,2021,,11.94,,,,,
dataflow,ESTAT:HLTH_CD_ASDR2(1.0),Causes of death - standardised death rate by NUTS 2 region of residence,A,Annual,RT,Rate,T,Total,TOTAL,Total,X60-X84_Y870,Intentional self-harm,AT,Austria,2022,,13.7,,,,,
dataflow,ESTAT:HLTH_CD_ASDR2(1.0),Causes of death - standardised death rate by NUTS 2 region of residence,A,Annual,RT,Rate,T,Total,TOTAL,Total,X60-X84_Y870,Intentional self-harm,BE,Belgium,2011,,19.27,,,,,
dataflow,ESTAT:HLTH_CD_ASDR2(1.0),Causes of death - standardised death rate by NUTS 2 region of residence,A,Annual,RT,Rate,T,Total,TOTAL,Total,X60-X84_Y870,Intentional self-harm,BE,Belgium,2012,,18.78,,,,,
dataflow,ESTAT:HLTH_CD_ASDR2(1.0),Causes of death - standardised death rate by NUTS 2 region of residence,A,Annual,RT,Rate,T,Total,TOTAL,Total,X60-X84_Y870,Intentional self-harm,BE,Belgium,2013,,17.3,,,,,
dataflow,ESTAT:HLTH_CD_ASDR2(1.0),Causes of death - standardised death rate by NUTS 2 region of residence,A,Annual,RT,Rate,T,Total,TOTAL,Total,X60-X84_Y870,Intentional self-harm,BE,Belgium,2014,,17.29,,,,,
dataflow,ESTAT:HLTH_CD_ASDR2(1.0),Causes of death - standardised death rate by NUTS 2 region of residence,A,Annual,RT,Rate,T,Total,TOTAL,Total,X60-X84_Y870,Intentional self-harm,BE,Belgium,2015,,16.85,,,,,
dataflow,ESTAT:HLTH_CD_ASDR2(1.0),Causes of death - standardised death rate by NUTS 2 region of residence,A,Annual,RT,Rate,T,Total,TOTAL,Total,X60-X84_Y870,Intentional self-harm,BE,Belgium,2016,,17.09,,,,,
dataflow,ESTAT:HLTH_CD_ASDR2(1.0),Causes of death - standardised death rate by NUTS 2 region of residence,A,Annual,RT,Rate,T,Total,TOTAL,Total,X60-X84_Y870,Intentional self-harm,BE,Belgium,2017,,15.44,,,,,
dataflow,ESTAT:HLTH_CD_ASDR2(1.0),Causes of death - standardised death rate by NUTS 2 region of residence,A,Annual,RT,Rate,T,Total,TOTAL,Total,X60-X84_Y870,Intentional self-harm,BE,Belgium,2018,,16.01,,,,,
dataflow,ESTAT:HLTH_CD_ASDR2(1.0),Causes of death - standardised death rate by NUTS 2 region of residence,A,Annual,RT,Rate,T,Total,TOTAL,Total,X60-X84_Y870,Intentional self-harm,BE,Belgium,2019,,15.28,,,,,
dataflow,ESTAT:HLTH_CD_ASDR2(1.0),Causes of death - standardised death rate by NUTS 2 region of residence,A,Annual,RT,Rate,T,Total,TOTAL,Total,X60-X84_Y870,Intentional self-harm,BE,Belgium,2020,,15.27,,,,,
dataflow,ESTAT:HLTH_CD_ASDR2(1.0),Causes of death - standardised death rate by NUTS 2 region of residence,A,Annual,RT,Rate,T,Total,TOTAL,Total,X60-X84_Y870,Intentional self-harm,BE,Belgium,2021,,14.34,,,,,
dataflow,ESTAT:HLTH_CD_ASDR2(1.0),Causes of death - standardised death rate by NUTS 2 region of residence,A,Annual,RT,Rate,T,Total,TOTAL,Total,X60-X84_Y870,Intentional self-harm,BE,Belgium,2022,,15.4,,,,,
dataflow,ESTAT:HLTH_CD_ASDR2(1.0),Causes of death - standardised death rate by NUTS 2 region of residence,A,Annual,RT,Rate,T,Total,TOTAL,Total,X60-X84_Y870,Intentional self-harm,BG,Bulgaria,2011,,10.4,,,,,
dataflow,ESTAT:HLTH_CD_ASDR2(1.0),Causes of death - standardised death rate by NUTS 2 region of residence,A,Annual,RT,Rate,T,Total,TOTAL,Total,X60-X84_Y870,Intentional self-harm,BG,Bulgaria,2012,,12.11,,,,,
dataflow,ESTAT:HLTH_CD_ASDR2(1.0),Causes of death - standardised death rate by NUTS 2 region of residence,A,Annual,RT,Rate,T,Total,TOTAL,Total,X60-X84_Y870,Intentional self-harm,BG,Bulgaria,2013,,9.78,,,,,
dataflow,ESTAT:HLTH_CD_ASDR2(1.0),Causes of death - standardised death rate by NUTS 2 region of residence,A,Annual,RT,Rate,T,Total,TOTAL,Total,X60-X84_Y870,Intentional self-harm,BG,Bulgaria,2014,,9.91,,,,,
dataflow,ESTAT:HLTH_CD_ASDR2(1.0),Causes of death - standardised death rate by NUTS 2 region of residence,A,Annual,RT,Rate,T,Total,TOTAL,Total,X60-X84_Y870,Intentional self-harm,BG,Bulgaria,2015,,9.34,,,,,
dataflow,ESTAT:HLTH_CD_ASDR2(1.0),Causes of death - standardised death rate by NUTS 2 region of residence,A,Annual,RT,Rate,T,Total,TOTAL,Total,X60-X84_Y870,Intentional self-harm,BG,Bulgaria,2016,,9.23,,,,,
dataflow,ESTAT:HLTH_CD_ASDR2(1.0),Causes of death - standardised death rate by NUTS 2 region of residence,A,Annual,RT,Rate,T,Total,TOTAL,Total,X60-X84_Y870,Intentional self-harm,BG,Bulgaria,2017,,9.78,,,,,
dataflow,ESTAT:HLTH_CD_ASDR2(1.0),Causes of death - standardised death rate by NUTS 2 region of residence,A,Annual,RT,Rate,T,Total,TOTAL,Total,X60-X84_Y870,Intentional self-harm,BG,Bulgaria,2018,,8.83,,,,,
dataflow,ESTAT:HLTH_CD_ASDR2(1.0),Causes of death - standardised death rate by NUTS 2 region of residence,A,Annual,RT,Rate,T,Total,TOTAL,Total,X60-X84_Y870,Intentional self-harm,BG,Bulgaria,2019,,8.01,,,,,
dataflow,ESTAT:HLTH_CD_ASDR2(1.0),Causes of death - standardised death rate by NUTS 2 region of residence,A,Annual,RT,Rate,T,Total,TOTAL,Total,X60-X84_Y870,Intentional self-harm,BG,Bulgaria,2020,,8.04,,,,,
dataflow,ESTAT:HLTH_CD_ASDR2(1.0),Causes of death - standardised death rate by NUTS 2 region of residence,A,Annual,RT,Rate,T,Total,TOTAL,Total,X60-X84_Y870,Intentional self-harm,BG,Bulgaria,2021,,7.82,,,,,
dataflow,ESTAT:HLTH_CD_ASDR2(1.0),Causes of death - standardised death rate by NUTS 2 region of residence,A,Annual,RT,Rate,T,Total,TOTAL,Total,X60-X84_Y870,Intentional self-harm,BG,Bulgaria,2022,,6.35,,,,,
dataflow,ESTAT:HLTH_CD_ASDR2(1.0),Causes of death - standardised death rate by NUTS 2 region of residence,A,Annual,RT,Rate,T,Total,TOTAL,Total,X60-X84_Y870,Intentional self-harm,CH,Switzerland,2011,,13.23,,,,,
dataflow,ESTAT:HLTH_CD_ASDR2(1.0),Causes of death - standardised death rate by NUTS 2 region of residence,A,Annual,RT,Rate,T,Total,TOTAL,Total,X60-X84_Y870,Intentional self-harm,CH,Switzerland,2012,,13.2,,,,,
dataflow,ESTAT:HLTH_CD_ASDR2(1.0),Causes of death - standardised death rate by NUTS 2 region of residence,A,Annual,RT,Rate,T,Total,TOTAL,Total,X60-X84_Y870,Intentional self-harm,CH,Switzerland,2013,,13.35,,,,,
dataflow,ESTAT:HLTH_CD_ASDR2(1.0),Causes of death - standardised death rate by NUTS 2 region of residence,A,Annual,RT,Rate,T,Total,TOTAL,Total,X60-X84_Y870,Intentional self-harm,CH,Switzerland,2014,,12.77,,,,,
dataflow,ESTAT:HLTH_CD_ASDR2(1.0),Causes of death - standardised death rate by NUTS 2 region of residence,A,Annual,RT,Rate,T,Total,TOTAL,Total,X60-X84_Y870,Intentional self-harm,CH,Switzerland,2015,,12.96,,,,,
dataflow,ESTAT:HLTH_CD_ASDR2(1.0),Causes of death - standardised death rate by NUTS 2 region of residence,A,Annual,RT,Rate,T,Total,TOTAL,Total,X60-X84_Y870,Intentional self-harm,CH,Switzerland,2016,,12.19,,,,,
dataflow,ESTAT:HLTH_CD_ASDR2(1.0),Causes of death - standardised death rate by NUTS 2 region of residence,A,Annual,RT,Rate,T,Total,TOTAL,Total,X60-X84_Y870,Intentional self-harm,CH,Switzerland,2017,,12.33,,,,,
dataflow,ESTAT:HLTH_CD_ASDR2(1.0),Causes of death - standardised death rate by NUTS 2 region of residence,A,Annual,RT,Rate,T,Total,TOTAL,Total,X60-X84_Y870,Intentional self-harm,CH,Switzerland,2018,,11.92,,,,,
dataflow,ESTAT:HLTH_CD_ASDR2(1.0),Causes of death - standardised death rate by NUTS 2 region of residence,A,Annual,RT,Rate,T,Total,TOTAL,Total,X60-X84_Y870,Intentional self-harm,CH,Switzerland,2019,,11.9,,,,,
dataflow,ESTAT:HLTH_CD_ASDR2(1.0),Causes of death - standardised death rate by NUTS 2 region of residence,A,Annual,RT,Rate,T,Total,TOTAL,Total,X60-X84_Y870,Intentional self-harm,CH,Switzerland,2020,,11.29,,,,,
dataflow,ESTAT:HLTH_CD_ASDR2(1.0),Causes of death - standardised death rate by NUTS 2 region of residence,A,Annual,RT,Rate,T,Total,TOTAL,Total,X60-X84_Y870,Intentional self-harm,CH,Switzerland,2021,,11.48,,,,,
dataflow,ESTAT:HLTH_CD_ASDR2(1.0),Causes of death - standardised death rate by NUTS 2 region of residence,A,Annual,RT,Rate,T,Total,TOTAL,Total,X60-X84_Y870,Intentional self-harm,CH,Switzerland,2022,,10.8,,,,,
dataflow,ESTAT:HLTH_CD_ASDR2(1.0),Causes of death - standardised death rate by NUTS 2 region of residence,A,Annual,RT,Rate,T,Total,TOTAL,Total,X60-X84_Y870,Intentional self-harm,CY,Cyprus,2011,,3.97,,,,,
dataflow,ESTAT:HLTH_CD_ASDR2(1.0),Causes of death - standardised death rate by NUTS 2 region of residence,A,Annual,RT,Rate,T,Total,TOTAL,Total,X60-X84_Y870,Intentional self-harm,CY,Cyprus,2012,,3.82,,,,,
dataflow,ESTAT:HLTH_CD_ASDR2(1.0),Causes of death - standardised death rate by NUTS 2 region of residence,A,Annual,RT,Rate,T,Total,TOTAL,Total,X60-X84_Y870,Intentional self-harm,CY,Cyprus,2013,,5.19,,,,,
dataflow,ESTAT:HLTH_CD_ASDR2(1.0),Causes of death - standardised death rate by NUTS 2 region of residence,A,Annual,RT,Rate,T,Total,TOTAL,Total,X60-X84_Y870,Intentional self-harm,CY,Cyprus,2014,,4.5,,,,,
dataflow,ESTAT:HLTH_CD_ASDR2(1.0),Causes of death - standardised death rate by NUTS 2 region of residence,A,Annual,RT,Rate,T,Total,TOTAL,Total,X60-X84_Y870,Intentional self-harm,CY,Cyprus,2015,,4.45,,,,,
dataflow,ESTAT:HLTH_CD_ASDR2(1.0),Causes of death - standardised death rate by NUTS 2 region of residence,A,Annual,RT,Rate,T,Total,TOTAL,Total,X60-X84_Y870,Intentional self-harm,CY,Cyprus,2016,,3.89,,,,,
dataflow,ESTAT:HLTH_CD_ASDR2(1.0),Causes of death - standardised death rate by NUTS 2 region of residence,A,Annual,RT,Rate,T,Total,TOTAL,Total,X60-X84_Y870,Intentional self-harm,CY,Cyprus,2017,,4.06,,,,,
dataflow,ESTAT:HLTH_CD_ASDR2(1.0),Causes of death - standardised death rate by NUTS 2 region of residence,A,Annual,RT,Rate,T,Total,TOTAL,Total,X60-X84_Y870,Intentional self-harm,CY,Cyprus,2018,,4.57,,,,,
dataflow,ESTAT:HLTH_CD_ASDR2(1.0),Causes of death - standardised death rate by NUTS 2 region of residence,A,Annual,RT,Rate,T,Total,TOTAL,Total,X60-X84_Y870,Intentional self-harm,CY,Cyprus,2019,,4.35,,,,,
dataflow,ESTAT:HLTH_CD_ASDR2(1.0),Causes of death - standardised death rate by NUTS 2 region of residence,A,Annual,RT,Rate,T,Total,TOTAL,Total,X60-X84_Y870,Intentional self-harm,CY,Cyprus,2020,,3.45,,,,,
dataflow,ESTAT:HLTH_CD_ASDR2(1.0),Causes of death - standardised death rate by NUTS 2 region of residence,A,Annual,RT,Rate,T,Total,TOTAL,Total,X60-X84_Y870,Intentional self-harm,CY,Cyprus,2021,,2.68,,,,,
dataflow,ESTAT:HLTH_CD_ASDR2(1.0),Causes of death - standardised death rate by NUTS 2 region of residence,A,Annual,RT,Rate,T,Total,TOTAL,Total,X60-X84_Y870,Intentional self-harm,CY,Cyprus,2022,,4.12,,,,,
dataflow,ESTAT:HLTH_CD_ASDR2(1.0),Causes of death - standardised death rate by NUTS 2 region of residence,A,Annual,RT,Rate,T,Total,TOTAL,Total,X60-X84_Y870,Intentional self-harm,CZ,Czechia,2011,,15.2,,,,,
dataflow,ESTAT:HLTH_CD_ASDR2(1.0),Causes of death - standardised death rate by NUTS 2 region of residence,A,Annual,RT,Rate,T,Total,TOTAL,Total,X60-X84_Y870,Intentional self-harm,CZ,Czechia,2012,,15.97,,,,,
dataflow,ESTAT:HLTH_CD_ASDR2(1.0),Causes of death - standardised death rate by NUTS 2 region of residence,A,Annual,RT,Rate,T,Total,TOTAL,Total,X60-X84_Y870,Intentional self-harm,CZ,Czechia,2013,,15.18,,,,,
dataflow,ESTAT:HLTH_CD_ASDR2(1.0),Causes of death - standardised death rate by NUTS 2 region of residence,A,Annual,RT,Rate,T,Total,TOTAL,Total,X60-X84_Y870,Intentional self-harm,CZ,Czechia,2014,,14.36,,,,,
dataflow,ESTAT:HLTH_CD_ASDR2(1.0),Causes of death - standardised death rate by NUTS 2 region of residence,A,Annual,RT,Rate,T,Total,TOTAL,Total,X60-X84_Y870,Intentional self-harm,CZ,Czechia,2015,,13.25,,,,,
dataflow,ESTAT:HLTH_CD_ASDR2(1.0),Causes of death - standardised death rate by NUTS 2 region of residence,A,Annual,RT,Rate,T,Total,TOTAL,Total,X60-X84_Y870,Intentional self-harm,CZ,Czechia,2016,,12.55,,,,,
dataflow,ESTAT:HLTH_CD_ASDR2(1.0),Causes of death - standardised death rate by NUTS 2 region of residence,A,Annual,RT,Rate,T,Total,TOTAL,Total,X60-X84_Y870,Intentional self-harm,CZ,Czechia,2017,,13.17,,,,,
dataflow,ESTAT:HLTH_CD_ASDR2(1.0),Causes of death - standardised death rate by NUTS 2 region of residence,A,Annual,RT,Rate,T,Total,TOTAL,Total,X60-X84_Y870,Intentional self-harm,CZ,Czechia,2018,,12.82,,,,,
dataflow,ESTAT:HLTH_CD_ASDR2(1.0),Causes of death - standardised death rate by NUTS 2 region of residence,A,Annual,RT,Rate,T,Total,TOTAL,Total,X60-X84_Y870,Intentional self-harm,CZ,Czechia,2019,,11.22,,,,,
dataflow,ESTAT:HLTH_CD_ASDR2(1.0),Causes of death - standardised death rate by NUTS 2 region of residence,A,Annual,RT,Rate,T,Total,TOTAL,Total,X60-X84_Y870,Intentional self-harm,CZ,Czechia,2020,,11.64,,,,,
dataflow,ESTAT:HLTH_CD_ASDR2(1.0),Causes of death - standardised death rate by NUTS 2 region of residence,A,Annual,RT,Rate,T,Total,TOTAL,Total,X60-X84_Y870,Intentional self-harm,CZ,Czechia,2021,,11.64,,,,,
dataflow,ESTAT:HLTH_CD_ASDR2(1.0),Causes of death - standardised death rate by NUTS 2 region of residence,A,Annual,RT,Rate,T,Total,TOTAL,Total,X60-X84_Y870,Intentional self-harm,CZ,Czechia,2022,,12.29,,,,,
dataflow,ESTAT:HLTH_CD_ASDR2(1.0),Causes of death - standardised death rate by NUTS 2 region of residence,A,Annual,RT,Rate,T,Total,TOTAL,Total,X60-X84_Y870,Intentional self-harm,DE,Germany,2011,,12.14,,,,,
dataflow,ESTAT:HLTH_CD_ASDR2(1.0),Causes of death - standardised death rate by NUTS 2 region of residence,A,Annual,RT,Rate,T,Total,TOTAL,Total,X60-X84_Y870,Intentional self-harm,DE,Germany,2012,,11.77,,,,,
dataflow,ESTAT:HLTH_CD_ASDR2(1.0),Causes of death - standardised death rate by NUTS 2 region of residence,A,Annual,RT,Rate,T,Total,TOTAL,Total,X60-X84_Y870,Intentional self-harm,DE,Germany,2013,,11.9,,,,,
dataflow,ESTAT:HLTH_CD_ASDR2(1.0),Causes of death - standardised death rate by NUTS 2 region of residence,A,Annual,RT,Rate,T,Total,TOTAL,Total,X60-X84_Y870,Intentional self-harm,DE,Germany,2014,,11.94,,,,,
dataflow,ESTAT:HLTH_CD_ASDR2(1.0),Causes of death - standardised death rate by NUTS 2 region of residence,A,Annual,RT,Rate,T,Total,TOTAL,Total,X60-X84_Y870,Intentional self-harm,DE,Germany,2015,,11.68,,,,,
dataflow,ESTAT:HLTH_CD_ASDR2(1.0),Causes of death - standardised death rate by NUTS 2 region of residence,A,Annual,RT,Rate,T,Total,TOTAL,Total,X60-X84_Y870,Intentional self-harm,DE,Germany,2016,,11.3,,,,,
dataflow,ESTAT:HLTH_CD_ASDR2(1.0),Causes of death - standardised death rate by NUTS 2 region of residence,A,Annual,RT,Rate,T,Total,TOTAL,Total,X60-X84_Y870,Intentional self-harm,DE,Germany,2017,,10.54,,,,,
dataflow,ESTAT:HLTH_CD_ASDR2(1.0),Causes of death - standardised death rate by NUTS 2 region of residence,A,Annual,RT,Rate,T,Total,TOTAL,Total,X60-X84_Y870,Intentional self-harm,DE,Germany,2018,,10.61,,,,,
dataflow,ESTAT:HLTH_CD_ASDR2(1.0),Causes of death - standardised death rate by NUTS 2 region of residence,A,Annual,RT,Rate,T,Total,TOTAL,Total,X60-X84_Y870,Intentional self-harm,DE,Germany,2019,,10.18,,,,,
dataflow,ESTAT:HLTH_CD_ASDR2(1.0),Causes of death - standardised death rate by NUTS 2 region of residence,A,Annual,RT,Rate,T,Total,TOTAL,Total,X60-X84_Y870,Intentional self-harm,DE,Germany,2020,,10.31,,,,,
dataflow,ESTAT:HLTH_CD_ASDR2(1.0),Causes of death - standardised death rate by NUTS 2 region of residence,A,Annual,RT,Rate,T,Total,TOTAL,Total,X60-X84_Y870,Intentional self-harm,DE,Germany,2021,,10.28,,,,,
dataflow,ESTAT:HLTH_CD_ASDR2(1.0),Causes of death - standardised death rate by NUTS 2 region of residence,A,Annual,RT,Rate,T,Total,TOTAL,Total,X60-X84_Y870,Intentional self-harm,DE,Germany,2022,,11.21,,,,,
dataflow,ESTAT:HLTH_CD_ASDR2(1.0),Causes of death - standardised death rate by NUTS 2 region of residence,A,Annual,RT,Rate,T,Total,TOTAL,Total,X60-X84_Y870,Intentional self-harm,DK,Denmark,2011,,11.11,,,,,
dataflow,ESTAT:HLTH_CD_ASDR2(1.0),Causes of death - standardised death rate by NUTS 2 region of residence,A,Annual,RT,Rate,T,Total,TOTAL,Total,X60-X84_Y870,Intentional self-harm,DK,Denmark,2012,,12.22,,,,,
dataflow,ESTAT:HLTH_CD_ASDR2(1.0),Causes of death - standardised death rate by NUTS 2 region of residence,A,Annual,RT,Rate,T,Total,TOTAL,Total,X60-X84_Y870,Intentional self-harm,DK,Denmark,2013,,11.28,,,,,
dataflow,ESTAT:HLTH_CD_ASDR2(1.0),Causes of death - standardised death rate by NUTS 2 region of residence,A,Annual,RT,Rate,T,Total,TOTAL,Total,X60-X84_Y870,Intentional self-harm,DK,Denmark,2014,,11.91,,,,,
dataflow,ESTAT:HLTH_CD_ASDR2(1.0),Causes of death - standardised death rate by NUTS 2 region of residence,A,Annual,RT,Rate,T,Total,TOTAL,Total,X60-X84_Y870,Intentional self-harm,DK,Denmark,2015,,10.21,,,,,
dataflow,ESTAT:HLTH_CD_ASDR2(1.0),Causes of death - standardised death rate by NUTS 2 region of residence,A,Annual,RT,Rate,T,Total,TOTAL,Total,X60-X84_Y870,Intentional self-harm,DK,Denmark,2016,,10.19,,,,,
dataflow,ESTAT:HLTH_CD_ASDR2(1.0),Causes of death - standardised death rate by NUTS 2 region of residence,A,Annual,RT,Rate,T,Total,TOTAL,Total,X60-X84_Y870,Intentional self-harm,DK,Denmark,2017,,10.45,,,,,
dataflow,ESTAT:HLTH_CD_ASDR2(1.0),Causes of death - standardised death rate by NUTS 2 region of residence,A,Annual,RT,Rate,T,Total,TOTAL,Total,X60-X84_Y870,Intentional self-harm,DK,Denmark,2018,,10.34,,,,,
dataflow,ESTAT:HLTH_CD_ASDR2(1.0),Causes of death - standardised death rate by NUTS 2 region of residence,A,Annual,RT,Rate,T,Total,TOTAL,Total,X60-X84_Y870,Intentional self-harm,DK,Denmark,2019,,10.57,,,,,
dataflow,ESTAT:HLTH_CD_ASDR2(1.0),Causes of death - standardised death rate by NUTS 2 region of residence,A,Annual,RT,Rate,T,Total,TOTAL,Total,X60-X84_Y870,Intentional self-harm,DK,Denmark,2020,,10.03,,,,,
dataflow,ESTAT:HLTH_CD_ASDR2(1.0),Causes of death - standardised death rate by NUTS 2 region of residence,A,Annual,RT,Rate,T,Total,TOTAL,Total,X60-X84_Y870,Intentional self-harm,DK,Denmark,2021,,9.46,,,,,
dataflow,ESTAT:HLTH_CD_ASDR2(1.0),Causes of death - standardised death rate by NUTS 2 region of residence,A,Annual,RT,Rate,T,Total,TOTAL,Total,X60-X84_Y870,Intentional self-harm,DK,Denmark,2022,,9.76,,,,,
dataflow,ESTAT:HLTH_CD_ASDR2(1.0),Causes of death - standardised death rate by NUTS 2 region of residence,A,Annual,RT,Rate,T,Total,TOTAL,Total,X60-X84_Y870,Intentional self-harm,EE,Estonia,2011,,16.31,,,,,
dataflow,ESTAT:HLTH_CD_ASDR2(1.0),Causes of death - standardised death rate by NUTS 2 region of residence,A,Annual,RT,Rate,T,Total,TOTAL,Total,X60-X84_Y870,Intentional self-harm,EE,Estonia,2012,,18.4,,,,,
dataflow,ESTAT:HLTH_CD_ASDR2(1.0),Causes of death - standardised death rate by NUTS 2 region of residence,A,Annual,RT,Rate,T,Total,TOTAL,Total,X60-X84_Y870,Intentional self-harm,EE,Estonia,2013,,16.96,,,,,
dataflow,ESTAT:HLTH_CD_ASDR2(1.0),Causes of death - standardised death rate by NUTS 2 region of residence,A,Annual,RT,Rate,T,Total,TOTAL,Total,X60-X84_Y870,Intentional self-harm,EE,Estonia,2014,,18.31,,,,,
dataflow,ESTAT:HLTH_CD_ASDR2(1.0),Causes of death - standardised death rate by NUTS 2 region of residence,A,Annual,RT,Rate,T,Total,TOTAL,Total,X60-X84_Y870,Intentional self-harm,EE,Estonia,2015,,15.89,,,,,
dataflow,ESTAT:HLTH_CD_ASDR2(1.0),Causes of death - standardised death rate by NUTS 2 region of residence,A,Annual,RT,Rate,T,Total,TOTAL,Total,X60-X84_Y870,Intentional self-harm,EE,Estonia,2016,,14.31,,,,,
dataflow,ESTAT:HLTH_CD_ASDR2(1.0),Causes of death - standardised death rate by NUTS 2 region of residence,A,Annual,RT,Rate,T,Total,TOTAL,Total,X60-X84_Y870,Intentional self-harm,EE,Estonia,2017,,17.22,,,,,
dataflow,ESTAT:HLTH_CD_ASDR2(1.0),Causes of death - standardised death rate by NUTS 2 region of residence,A,Annual,RT,Rate,T,Total,TOTAL,Total,X60-X84_Y870,Intentional self-harm,EE,Estonia,2018,,14.85,,,,,
dataflow,ESTAT:HLTH_CD_ASDR2(1.0),Causes of death - standardised death rate by NUTS 2 region of residence,A,Annual,RT,Rate,T,Total,TOTAL,Total,X60-X84_Y870,Intentional self-harm,EE,Estonia,2019,,14.89,,,,,
dataflow,ESTAT:HLTH_CD_ASDR2(1.0),Causes of death - standardised death rate by NUTS 2 region of residence,A,Annual,RT,Rate,T,Total,TOTAL,Total,X60-X84_Y870,Intentional self-harm,EE,Estonia,2020,,16.28,,,,,
dataflow,ESTAT:HLTH_CD_ASDR2(1.0),Causes of death - standardised death rate by NUTS 2 region of residence,A,Annual,RT,Rate,T,Total,TOTAL,Total,X60-X84_Y870,Intentional self-harm,EE,Estonia,2021,,14.01,,,,,
dataflow,ESTAT:HLTH_CD_ASDR2(1.0),Causes of death - standardised death rate by NUTS 2 region of residence,A,Annual,RT,Rate,T,Total,TOTAL,Total,X60-X84_Y870,Intentional self-harm,EE,Estonia,2022,,14.48,,,,,
dataflow,ESTAT:HLTH_CD_ASDR2(1.0),Causes of death - standardised death rate by NUTS 2 region of residence,A,Annual,RT,Rate,T,Total,TOTAL,Total,X60-X84_Y870,Intentional self-harm,EL,Greece,2011,,4.21,,,,,
dataflow,ESTAT:HLTH_CD_ASDR2(1.0),Causes of death - standardised death rate by NUTS 2 region of residence,A,Annual,RT,Rate,T,Total,TOTAL,Total,X60-X84_Y870,Intentional self-harm,EL,Greece,2012,,4.43,,,,,
dataflow,ESTAT:HLTH_CD_ASDR2(1.0),Causes of death - standardised death rate by NUTS 2 region of residence,A,Annual,RT,Rate,T,Total,TOTAL,Total,X60-X84_Y870,Intentional self-harm,EL,Greece,2013,,4.77,,,,,
dataflow,ESTAT:HLTH_CD_ASDR2(1.0),Causes of death - standardised death rate by NUTS 2 region of residence,A,Annual,RT,Rate,T,Total,TOTAL,Total,X60-X84_Y870,Intentional self-harm,EL,Greece,2014,,4.99,,,,,
dataflow,ESTAT:HLTH_CD_ASDR2(1.0),Causes of death - standardised death rate by NUTS 2 region of residence,A,Annual,RT,Rate,T,Total,TOTAL,Total,X60-X84_Y870,Intentional self-harm,EL,Greece,2015,,4.69,,,,,
dataflow,ESTAT:HLTH_CD_ASDR2(1.0),Causes of death - standardised death rate by NUTS 2 region of residence,A,Annual,RT,Rate,T,Total,TOTAL,Total,X60-X84_Y870,Intentional self-harm,EL,Greece,2016,,4.29,,,,,
dataflow,ESTAT:HLTH_CD_ASDR2(1.0),Causes of death - standardised death rate by NUTS 2 region of residence,A,Annual,RT,Rate,T,Total,TOTAL,Total,X60-X84_Y870,Intentional self-harm,EL,Greece,2017,,4.52,,,,,
dataflow,ESTAT:HLTH_CD_ASDR2(1.0),Causes of death - standardised death rate by NUTS 2 region of residence,A,Annual,RT,Rate,T,Total,TOTAL,Total,X60-X84_Y870,Intentional self-harm,EL,Greece,2018,,4.93,,,,,
dataflow,ESTAT:HLTH_CD_ASDR2(1.0),Causes of death - standardised death rate by NUTS 2 region of residence,A,Annual,RT,Rate,T,Total,TOTAL,Total,X60-X84_Y870,Intentional self-harm,EL,Greece,2019,,4.63,,,,,
dataflow,ESTAT:HLTH_CD_ASDR2(1.0),Causes of death - standardised death rate by NUTS 2 region of residence,A,Annual,RT,Rate,T,Total,TOTAL,Total,X60-X84_Y870,Intentional self-harm,EL,Greece,2020,,4.03,,,,,
dataflow,ESTAT:HLTH_CD_ASDR2(1.0),Causes of death - standardised death rate by NUTS 2 region of residence,A,Annual,RT,Rate,T,Total,TOTAL,Total,X60-X84_Y870,Intentional self-harm,EL,Greece,2021,,4.15,,,,,
dataflow,ESTAT:HLTH_CD_ASDR2(1.0),Causes of death - standardised death rate by NUTS 2 region of residence,A,Annual,RT,Rate,T,Total,TOTAL,Total,X60-X84_Y870,Intentional self-harm,EL,Greece,2022,,4.56,,,,,
dataflow,ESTAT:HLTH_CD_ASDR2(1.0),Causes of death - standardised death rate by NUTS 2 region of residence,A,Annual,RT,Rate,T,Total,TOTAL,Total,X60-X84_Y870,Intentional self-harm,ES,Spain,2011,,6.74,,,,,
dataflow,ESTAT:HLTH_CD_ASDR2(1.0),Causes of death - standardised death rate by NUTS 2 region of residence,A,Annual,RT,Rate,T,Total,TOTAL,Total,X60-X84_Y870,Intentional self-harm,ES,Spain,2012,,7.43,,,,,
dataflow,ESTAT:HLTH_CD_ASDR2(1.0),Causes of death - standardised death rate by NUTS 2 region of residence,A,Annual,RT,Rate,T,Total,TOTAL,Total,X60-X84_Y870,Intentional self-harm,ES,Spain,2013,,8.14,,,,,
dataflow,ESTAT:HLTH_CD_ASDR2(1.0),Causes of death - standardised death rate by NUTS 2 region of residence,A,Annual,RT,Rate,T,Total,TOTAL,Total,X60-X84_Y870,Intentional self-harm,ES,Spain,2014,,8.17,,,,,
dataflow,ESTAT:HLTH_CD_ASDR2(1.0),Causes of death - standardised death rate by NUTS 2 region of residence,A,Annual,RT,Rate,T,Total,TOTAL,Total,X60-X84_Y870,Intentional self-harm,ES,Spain,2015,,7.51,,,,,
dataflow,ESTAT:HLTH_CD_ASDR2(1.0),Causes of death - standardised death rate by NUTS 2 region of residence,A,Annual,RT,Rate,T,Total,TOTAL,Total,X60-X84_Y870,Intentional self-harm,ES,Spain,2016,,7.41,,,,,
dataflow,ESTAT:HLTH_CD_ASDR2(1.0),Causes of death - standardised death rate by NUTS 2 region of residence,A,Annual,RT,Rate,T,Total,TOTAL,Total,X60-X84_Y870,Intentional self-harm,ES,Spain,2017,,7.51,,,,,
dataflow,ESTAT:HLTH_CD_ASDR2(1.0),Causes of death - standardised death rate by NUTS 2 region of residence,A,Annual,RT,Rate,T,Total,TOTAL,Total,X60-X84_Y870,Intentional self-harm,ES,Spain,2018,,7.18,,,,,
dataflow,ESTAT:HLTH_CD_ASDR2(1.0),Causes of death - standardised death rate by NUTS 2 region of residence,A,Annual,RT,Rate,T,Total,TOTAL,Total,X60-X84_Y870,Intentional self-harm,ES,Spain,2019,,7.39,,,,,
dataflow,ESTAT:HLTH_CD_ASDR2(1.0),Causes of death - standardised death rate by NUTS 2 region of residence,A,Annual,RT,Rate,T,Total,TOTAL,Total,X60-X84_Y870,Intentional self-harm,ES,Spain,2020,,7.89,,,,,
dataflow,ESTAT:HLTH_CD_ASDR2(1.0),Causes of death - standardised death rate by NUTS 2 region of residence,A,Annual,RT,Rate,T,Total,TOTAL,Total,X60-X84_Y870,Intentional self-harm,ES,Spain,2021,,7.93,,,,,
dataflow,ESTAT:HLTH_CD_ASDR2(1.0),Causes of death - standardised death rate by NUTS 2 region of residence,A,Annual,RT,Rate,T,Total,TOTAL,Total,X60-X84_Y870,Intentional self-harm,ES,Spain,2022,,8.27,,,,,
dataflow,ESTAT:HLTH_CD_ASDR2(1.0),Causes of death - standardised death rate by NUTS 2 region of residence,A,Annual,RT,Rate,T,Total,TOTAL,Total,X60-X84_Y870,Intentional self-harm,FI,Finland,2011,,16.91,,,,,
dataflow,ESTAT:HLTH_CD_ASDR2(1.0),Causes of death - standardised death rate by NUTS 2 region of residence,A,Annual,RT,Rate,T,Total,TOTAL,Total,X60-X84_Y870,Intentional self-harm,FI,Finland,2012,,16.14,,,,,
dataflow,ESTAT:HLTH_CD_ASDR2(1.0),Causes of death - standardised death rate by NUTS 2 region of residence,A,Annual,RT,Rate,T,Total,TOTAL,Total,X60-X84_Y870,Intentional self-harm,FI,Finland,2013,,16.36,,,,,
dataflow,ESTAT:HLTH_CD_ASDR2(1.0),Causes of death - standardised death rate by NUTS 2 region of residence,A,Annual,RT,Rate,T,Total,TOTAL,Total,X60-X84_Y870,Intentional self-harm,FI,Finland,2014,,14.55,,,,,
dataflow,ESTAT:HLTH_CD_ASDR2(1.0),Causes of death - standardised death rate by NUTS 2 region of residence,A,Annual,RT,Rate,T,Total,TOTAL,Total,X60-X84_Y870,Intentional self-harm,FI,Finland,2015,,13.46,,,,,
dataflow,ESTAT:HLTH_CD_ASDR2(1.0),Causes of death - standardised death rate by NUTS 2 region of residence,A,Annual,RT,Rate,T,Total,TOTAL,Total,X60-X84_Y870,Intentional self-harm,FI,Finland,2016,,14.26,,,,,
dataflow,ESTAT:HLTH_CD_ASDR2(1.0),Causes of death - standardised death rate by NUTS 2 region of residence,A,Annual,RT,Rate,T,Total,TOTAL,Total,X60-X84_Y870,Intentional self-harm,FI,Finland,2017,,15.01,,,,,
dataflow,ESTAT:HLTH_CD_ASDR2(1.0),Causes of death - standardised death rate by NUTS 2 region of residence,A,Annual,RT,Rate,T,Total,TOTAL,Total,X60-X84_Y870,Intentional self-harm,FI,Finland,2018,,14.4,,,,,
dataflow,ESTAT:HLTH_CD_ASDR2(1.0),Causes of death - standardised death rate by NUTS 2 region of residence,A,Annual,RT,Rate,T,Total,TOTAL,Total,X60-X84_Y870,Intentional self-harm,FI,Finland,2019,,13.47,,,,,
dataflow,ESTAT:HLTH_CD_ASDR2(1.0),Causes of death - standardised death rate by NUTS 2 region of residence,A,Annual,RT,Rate,T,Total,TOTAL,Total,X60-X84_Y870,Intentional self-harm,FI,Finland,2020,,12.95,,,,,
dataflow,ESTAT:HLTH_CD_ASDR2(1.0),Causes of death - standardised death rate by NUTS 2 region of residence,A,Annual,RT,Rate,T,Total,TOTAL,Total,X60-X84_Y870,Intentional self-harm,FI,Finland,2021,,13.48,,,,,
dataflow,ESTAT:HLTH_CD_ASDR2(1.0),Causes of death - standardised death rate by NUTS 2 region of residence,A,Annual,RT,Rate,T,Total,TOTAL,Total,X60-X84_Y870,Intentional self-harm,FI,Finland,2022,,13.37,,,,,
dataflow,ESTAT:HLTH_CD_ASDR2(1.0),Causes of death - standardised death rate by NUTS 2 region of residence,A,Annual,RT,Rate,T,Total,TOTAL,Total,X60-X84_Y870,Intentional self-harm,FR,France,2011,,16.83,,,,,
dataflow,ESTAT:HLTH_CD_ASDR2(1.0),Causes of death - standardised death rate by NUTS 2 region of residence,A,Annual,RT,Rate,T,Total,TOTAL,Total,X60-X84_Y870,Intentional self-harm,FR,France,2012,,15.71,,,,,
dataflow,ESTAT:HLTH_CD_ASDR2(1.0),Causes of death - standardised death rate by NUTS 2 region of residence,A,Annual,RT,Rate,T,Total,TOTAL,Total,X60-X84_Y870,Intentional self-harm,FR,France,2013,,15.48,,,,,
dataflow,ESTAT:HLTH_CD_ASDR2(1.0),Causes of death - standardised death rate by NUTS 2 region of residence,A,Annual,RT,Rate,T,Total,TOTAL,Total,X60-X84_Y870,Intentional self-harm,FR,France,2014,,14.09,,,,,
dataflow,ESTAT:HLTH_CD_ASDR2(1.0),Causes of death - standardised death rate by NUTS 2 region of residence,A,Annual,RT,Rate,T,Total,TOTAL,Total,X60-X84_Y870,Intentional self-harm,FR,France,2015,,14.12,,,,,
dataflow,ESTAT:HLTH_CD_ASDR2(1.0),Causes of death - standardised death rate by NUTS 2 region of residence,A,Annual,RT,Rate,T,Total,TOTAL,Total,X60-X84_Y870,Intentional self-harm,FR,France,2016,,13.2,,,,,
dataflow,ESTAT:HLTH_CD_ASDR2(1.0),Causes of death - standardised death rate by NUTS 2 region of residence,A,Annual,RT,Rate,T,Total,TOTAL,Total,X60-X84_Y870,Intentional self-harm,FR,France,2017,,12.76,,,,,
dataflow,ESTAT:HLTH_CD_ASDR2(1.0),Causes of death - standardised death rate by NUTS 2 region of residence,A,Annual,RT,Rate,T,Total,TOTAL,Total,X60-X84_Y870,Intentional self-harm,FR,France,2018,,13.48,,,,,
dataflow,ESTAT:HLTH_CD_ASDR2(1.0),Causes of death - standardised death rate by NUTS 2 region of residence,A,Annual,RT,Rate,T,Total,TOTAL,Total,X60-X84_Y870,Intentional self-harm,FR,France,2019,,13.36,,,,,
dataflow,ESTAT:HLTH_CD_ASDR2(1.0),Causes of death - standardised death rate by NUTS 2 region of residence,A,Annual,RT,Rate,T,Total,TOTAL,Total,X60-X84_Y870,Intentional self-harm,FR,France,2020,,13.51,,,,,
dataflow,ESTAT:HLTH_CD_ASDR2(1.0),Causes of death - standardised death rate by NUTS 2 region of residence,A,Annual,RT,Rate,T,Total,TOTAL,Total,X60-X84_Y870,Intentional self-harm,FR,France,2021,,13.32,,,,,
dataflow,ESTAT:HLTH_CD_ASDR2(1.0),Causes of death - standardised death rate by NUTS 2 region of residence,A,Annual,RT,Rate,T,Total,TOTAL,Total,X60-X84_Y870,Intentional self-harm,FR,France,2022,,13.58,,,,,
dataflow,ESTAT:HLTH_CD_ASDR2(1.0),Causes of death - standardised death rate by NUTS 2 region of residence,A,Annual,RT,Rate,T,Total,TOTAL,Total,X60-X84_Y870,Intentional self-harm,HR,Croatia,2011,,16.57,,,,,
dataflow,ESTAT:HLTH_CD_ASDR2(1.0),Causes of death - standardised death rate by NUTS 2 region of residence,A,Annual,RT,Rate,T,Total,TOTAL,Total,X60-X84_Y870,Intentional self-harm,HR,Croatia,2012,,18.23,,d,definition differs (see metadata),,
dataflow,ESTAT:HLTH_CD_ASDR2(1.0),Causes of death - standardised death rate by NUTS 2 region of residence,A,Annual,RT,Rate,T,Total,TOTAL,Total,X60-X84_Y870,Intentional self-harm,HR,Croatia,2013,,16.18,,d,definition differs (see metadata),,
dataflow,ESTAT:HLTH_CD_ASDR2(1.0),Causes of death - standardised death rate by NUTS 2 region of residence,A,Annual,RT,Rate,T,Total,TOTAL,Total,X60-X84_Y870,Intentional self-harm,HR,Croatia,2014,,16.84,,,,,
dataflow,ESTAT:HLTH_CD_ASDR2(1.0),Causes of death - standardised death rate by NUTS 2 region of residence,A,Annual,RT,Rate,T,Total,TOTAL,Total,X60-X84_Y870,Intentional self-harm,HR,Croatia,2015,,17.32,,,,,
dataflow,ESTAT:HLTH_CD_ASDR2(1.0),Causes of death - standardised death rate by NUTS 2 region of residence,A,Annual,RT,Rate,T,Total,TOTAL,Total,X60-X84_Y870,Intentional self-harm,HR,Croatia,2016,,16,,,,,
dataflow,ESTAT:HLTH_CD_ASDR2(1.0),Causes of death - standardised death rate by NUTS 2 region of residence,A,Annual,RT,Rate,T,Total,TOTAL,Total,X60-X84_Y870,Intentional self-harm,HR,Croatia,2017,,14.8,,,,,
dataflow,ESTAT:HLTH_CD_ASDR2(1.0),Causes of death - standardised death rate by NUTS 2 region of residence,A,Annual,RT,Rate,T,Total,TOTAL,Total,X60-X84_Y870,Intentional self-harm,HR,Croatia,2018,,15.96,,,,,
dataflow,ESTAT:HLTH_CD_ASDR2(1.0),Causes of death - standardised death rate by NUTS 2 region of residence,A,Annual,RT,Rate,T,Total,TOTAL,Total,X60-X84_Y870,Intentional self-harm,HR,Croatia,2019,,14.01,,,,,
dataflow,ESTAT:HLTH_CD_ASDR2(1.0),Causes of death - standardised death rate by NUTS 2 region of residence,A,Annual,RT,Rate,T,Total,TOTAL,Total,X60-X84_Y870,Intentional self-harm,HR,Croatia,2020,,13.19,,,,,
dataflow,ESTAT:HLTH_CD_ASDR2(1.0),Causes of death - standardised death rate by NUTS 2 region of residence,A,Annual,RT,Rate,T,Total,TOTAL,Total,X60-X84_Y870,Intentional self-harm,HR,Croatia,2021,,14.06,,,,,
dataflow,ESTAT:HLTH_CD_ASDR2(1.0),Causes of death - standardised death rate by NUTS 2 region of residence,A,Annual,RT,Rate,T,Total,TOTAL,Total,X60-X84_Y870,Intentional self-harm,HR,Croatia,2022,,13.71,,,,,
dataflow,ESTAT:HLTH_CD_ASDR2(1.0),Causes of death - standardised death rate by NUTS 2 region of residence,A,Annual,RT,Rate,T,Total,TOTAL,Total,X60-X84_Y870,Intentional self-harm,HU,Hungary,2011,,24.61,,d,definition differs (see metadata),,
dataflow,ESTAT:HLTH_CD_ASDR2(1.0),Causes of death - standardised death rate by NUTS 2 region of residence,A,Annual,RT,Rate,T,Total,TOTAL,Total,X60-X84_Y870,Intentional self-harm,HU,Hungary,2012,,24.14,,d,definition differs (see metadata),,
dataflow,ESTAT:HLTH_CD_ASDR2(1.0),Causes of death - standardised death rate by NUTS 2 region of residence,A,Annual,RT,Rate,T,Total,TOTAL,Total,X60-X84_Y870,Intentional self-harm,HU,Hungary,2013,,21.24,,d,definition differs (see metadata),,
dataflow,ESTAT:HLTH_CD_ASDR2(1.0),Causes of death - standardised death rate by NUTS 2 region of residence,A,Annual,RT,Rate,T,Total,TOTAL,Total,X60-X84_Y870,Intentional self-harm,HU,Hungary,2014,,19.42,,,,,
dataflow,ESTAT:HLTH_CD_ASDR2(1.0),Causes of death - standardised death rate by NUTS 2 region of residence,A,Annual,RT,Rate,T,Total,TOTAL,Total,X60-X84_Y870,Intentional self-harm,HU,Hungary,2015,,19.03,,,,,
dataflow,ESTAT:HLTH_CD_ASDR2(1.0),Causes of death - standardised death rate by NUTS 2 region of residence,A,Annual,RT,Rate,T,Total,TOTAL,Total,X60-X84_Y870,Intentional self-harm,HU,Hungary,2016,,17.97,,,,,
dataflow,ESTAT:HLTH_CD_ASDR2(1.0),Causes of death - standardised death rate by NUTS 2 region of residence,A,Annual,RT,Rate,T,Total,TOTAL,Total,X60-X84_Y870,Intentional self-harm,HU,Hungary,2017,,16.66,,,,,
dataflow,ESTAT:HLTH_CD_ASDR2(1.0),Causes of death - standardised death rate by NUTS 2 region of residence,A,Annual,RT,Rate,T,Total,TOTAL,Total,X60-X84_Y870,Intentional self-harm,HU,Hungary,2018,,16.84,,,,,
dataflow,ESTAT:HLTH_CD_ASDR2(1.0),Causes of death - standardised death rate by NUTS 2 region of residence,A,Annual,RT,Rate,T,Total,TOTAL,Total,X60-X84_Y870,Intentional self-harm,HU,Hungary,2019,,15.65,,,,,
dataflow,ESTAT:HLTH_CD_ASDR2(1.0),Causes of death - standardised death rate by NUTS 2 region of residence,A,Annual,RT,Rate,T,Total,TOTAL,Total,X60-X84_Y870,Intentional self-harm,HU,Hungary,2020,,17.09,,,,,
dataflow,ESTAT:HLTH_CD_ASDR2(1.0),Causes of death - standardised death rate by NUTS 2 region of residence,A,Annual,RT,Rate,T,Total,TOTAL,Total,X60-X84_Y870,Intentional self-harm,HU,Hungary,2021,,15.69,,,,,
dataflow,ESTAT:HLTH_CD_ASDR2(1.0),Causes of death - standardised death rate by NUTS 2 region of residence,A,Annual,RT,Rate,T,Total,TOTAL,Total,X60-X84_Y870,Intentional self-harm,HU,Hungary,2022,,16.67,,,,,
dataflow,ESTAT:HLTH_CD_ASDR2(1.0),Causes of death - standardised death rate by NUTS 2 region of residence,A,Annual,RT,Rate,T,Total,TOTAL,Total,X60-X84_Y870,Intentional self-harm,IE,Ireland,2011,,12.09,,,,,
dataflow,ESTAT:HLTH_CD_ASDR2(1.0),Causes of death - standardised death rate by NUTS 2 region of residence,A,Annual,RT,Rate,T,Total,TOTAL,Total,X60-X84_Y870,Intentional self-harm,IE,Ireland,2012,,12.12,,,,,
dataflow,ESTAT:HLTH_CD_ASDR2(1.0),Causes of death - standardised death rate by NUTS 2 region of residence,A,Annual,RT,Rate,T,Total,TOTAL,Total,X60-X84_Y870,Intentional self-harm,IE,Ireland,2013,,11.07,,,,,
dataflow,ESTAT:HLTH_CD_ASDR2(1.0),Causes of death - standardised death rate by NUTS 2 region of residence,A,Annual,RT,Rate,T,Total,TOTAL,Total,X60-X84_Y870,Intentional self-harm,IE,Ireland,2014,,10.79,,,,,
dataflow,ESTAT:HLTH_CD_ASDR2(1.0),Causes of death - standardised death rate by NUTS 2 region of residence,A,Annual,RT,Rate,T,Total,TOTAL,Total,X60-X84_Y870,Intentional self-harm,IE,Ireland,2015,,9.49,,,,,
dataflow,ESTAT:HLTH_CD_ASDR2(1.0),Causes of death - standardised death rate by NUTS 2 region of residence,A,Annual,RT,Rate,T,Total,TOTAL,Total,X60-X84_Y870,Intentional self-harm,IE,Ireland,2016,,9.37,,,,,
dataflow,ESTAT:HLTH_CD_ASDR2(1.0),Causes of death - standardised death rate by NUTS 2 region of residence,A,Annual,RT,Rate,T,Total,TOTAL,Total,X60-X84_Y870,Intentional self-harm,IE,Ireland,2017,,8.38,,,,,
dataflow,ESTAT:HLTH_CD_ASDR2(1.0),Causes of death - standardised death rate by NUTS 2 region of residence,A,Annual,RT,Rate,T,Total,TOTAL,Total,X60-X84_Y870,Intentional self-harm,IE,Ireland,2018,,9.41,,,,,
dataflow,ESTAT:HLTH_CD_ASDR2(1.0),Causes of death - standardised death rate by NUTS 2 region of residence,A,Annual,RT,Rate,T,Total,TOTAL,Total,X60-X84_Y870,Intentional self-harm,IE,Ireland,2019,,8.17,,,,,
dataflow,ESTAT:HLTH_CD_ASDR2(1.0),Causes of death - standardised death rate by NUTS 2 region of residence,A,Annual,RT,Rate,T,Total,TOTAL,Total,X60-X84_Y870,Intentional self-harm,IE,Ireland,2020,,9.62,,,,,
dataflow,ESTAT:HLTH_CD_ASDR2(1.0),Causes of death - standardised death rate by NUTS 2 region of residence,A,Annual,RT,Rate,T,Total,TOTAL,Total,X60-X84_Y870,Intentional self-harm,IE,Ireland,2021,,9.31,,,,,
dataflow,ESTAT:HLTH_CD_ASDR2(1.0),Causes of death - standardised death rate by NUTS 2 region of residence,A,Annual,RT,Rate,T,Total,TOTAL,Total,X60-X84_Y870,Intentional self-harm,IE,Ireland,2022,,8.75,,,,,
dataflow,ESTAT:HLTH_CD_ASDR2(1.0),Causes of death - standardised death rate by NUTS 2 region of residence,A,Annual,RT,Rate,T,Total,TOTAL,Total,X60-X84_Y870,Intentional self-harm,IS,Iceland,2011,,8.85,,,,,
dataflow,ESTAT:HLTH_CD_ASDR2(1.0),Causes of death - standardised death rate by NUTS 2 region of residence,A,Annual,RT,Rate,T,Total,TOTAL,Total,X60-X84_Y870,Intentional self-harm,IS,Iceland,2012,,11.61,,,,,
dataflow,ESTAT:HLTH_CD_ASDR2(1.0),Causes of death - standardised death rate by NUTS 2 region of residence,A,Annual,RT,Rate,T,Total,TOTAL,Total,X60-X84_Y870,Intentional self-harm,IS,Iceland,2013,,17.1,,,,,
dataflow,ESTAT:HLTH_CD_ASDR2(1.0),Causes of death - standardised death rate by NUTS 2 region of residence,A,Annual,RT,Rate,T,Total,TOTAL,Total,X60-X84_Y870,Intentional self-harm,IS,Iceland,2014,,13.98,,,,,
dataflow,ESTAT:HLTH_CD_ASDR2(1.0),Causes of death - standardised death rate by NUTS 2 region of residence,A,Annual,RT,Rate,T,Total,TOTAL,Total,X60-X84_Y870,Intentional self-harm,IS,Iceland,2015,,13.06,,,,,
dataflow,ESTAT:HLTH_CD_ASDR2(1.0),Causes of death - standardised death rate by NUTS 2 region of residence,A,Annual,RT,Rate,T,Total,TOTAL,Total,X60-X84_Y870,Intentional self-harm,IS,Iceland,2016,,12.39,,,,,
dataflow,ESTAT:HLTH_CD_ASDR2(1.0),Causes of death - standardised death rate by NUTS 2 region of residence,A,Annual,RT,Rate,T,Total,TOTAL,Total,X60-X84_Y870,Intentional self-harm,IS,Iceland,2017,,9.62,,,,,
dataflow,ESTAT:HLTH_CD_ASDR2(1.0),Causes of death - standardised death rate by NUTS 2 region of residence,A,Annual,RT,Rate,T,Total,TOTAL,Total,X60-X84_Y870,Intentional self-harm,IS,Iceland,2018,,10.23,,,,,
dataflow,ESTAT:HLTH_CD_ASDR2(1.0),Causes of death - standardised death rate by NUTS 2 region of residence,A,Annual,RT,Rate,T,Total,TOTAL,Total,X60-X84_Y870,Intentional self-harm,IS,Iceland,2019,,11.33,,,,,
dataflow,ESTAT:HLTH_CD_ASDR2(1.0),Causes of death - standardised death rate by NUTS 2 region of residence,A,Annual,RT,Rate,T,Total,TOTAL,Total,X60-X84_Y870,Intentional self-harm,IS,Iceland,2020,,12.62,,,,,
dataflow,ESTAT:HLTH_CD_ASDR2(1.0),Causes of death - standardised death rate by NUTS 2 region of residence,A,Annual,RT,Rate,T,Total,TOTAL,Total,X60-X84_Y870,Intentional self-harm,IS,Iceland,2021,,9.88,,,,,
dataflow,ESTAT:HLTH_CD_ASDR2(1.0),Causes of death - standardised death rate by NUTS 2 region of residence,A,Annual,RT,Rate,T,Total,TOTAL,Total,X60-X84_Y870,Intentional self-harm,IS,Iceland,2022,,10.18,,,,,
dataflow,ESTAT:HLTH_CD_ASDR2(1.0),Causes of death - standardised death rate by NUTS 2 region of residence,A,Annual,RT,Rate,T,Total,TOTAL,Total,X60-X84_Y870,Intentional self-harm,IT,Italy,2011,,6.51,,,,,
dataflow,ESTAT:HLTH_CD_ASDR2(1.0),Causes of death - standardised death rate by NUTS 2 region of residence,A,Annual,RT,Rate,T,Total,TOTAL,Total,X60-X84_Y870,Intentional self-harm,IT,Italy,2012,,6.68,,,,,
dataflow,ESTAT:HLTH_CD_ASDR2(1.0),Causes of death - standardised death rate by NUTS 2 region of residence,A,Annual,RT,Rate,T,Total,TOTAL,Total,X60-X84_Y870,Intentional self-harm,IT,Italy,2013,,6.64,,,,,
dataflow,ESTAT:HLTH_CD_ASDR2(1.0),Causes of death - standardised death rate by NUTS 2 region of residence,A,Annual,RT,Rate,T,Total,TOTAL,Total,X60-X84_Y870,Intentional self-harm,IT,Italy,2014,,6.32,,,,,
dataflow,ESTAT:HLTH_CD_ASDR2(1.0),Causes of death - standardised death rate by NUTS 2 region of residence,A,Annual,RT,Rate,T,Total,TOTAL,Total,X60-X84_Y870,Intentional self-harm,IT,Italy,2015,,6.07,,,,,
dataflow,ESTAT:HLTH_CD_ASDR2(1.0),Causes of death - standardised death rate by NUTS 2 region of residence,A,Annual,RT,Rate,T,Total,TOTAL,Total,X60-X84_Y870,Intentional self-harm,IT,Italy,2016,,5.85,,,,,
dataflow,ESTAT:HLTH_CD_ASDR2(1.0),Causes of death - standardised death rate by NUTS 2 region of residence,A,Annual,RT,Rate,T,Total,TOTAL,Total,X60-X84_Y870,Intentional self-harm,IT,Italy,2017,,5.95,,,,,
dataflow,ESTAT:HLTH_CD_ASDR2(1.0),Causes of death - standardised death rate by NUTS 2 region of residence,A,Annual,RT,Rate,T,Total,TOTAL,Total,X60-X84_Y870,Intentional self-harm,IT,Italy,2018,,5.71,,,,,
dataflow,ESTAT:HLTH_CD_ASDR2(1.0),Causes of death - standardised death rate by NUTS 2 region of residence,A,Annual,RT,Rate,T,Total,TOTAL,Total,X60-X84_Y870,Intentional self-harm,IT,Italy,2019,,5.62,,,,,
dataflow,ESTAT:HLTH_CD_ASDR2(1.0),Causes of death - standardised death rate by NUTS 2 region of residence,A,Annual,RT,Rate,T,Total,TOTAL,Total,X60-X84_Y870,Intentional self-harm,IT,Italy,2020,,5.61,,,,,
dataflow,ESTAT:HLTH_CD_ASDR2(1.0),Causes of death - standardised death rate by NUTS 2 region of residence,A,Annual,RT,Rate,T,Total,TOTAL,Total,X60-X84_Y870,Intentional self-harm,IT,Italy,2021,,5.89,,,,,
dataflow,ESTAT:HLTH_CD_ASDR2(1.0),Causes of death - standardised death rate by NUTS 2 region of residence,A,Annual,RT,Rate,T,Total,TOTAL,Total,X60-X84_Y870,Intentional self-harm,IT,Italy,2022,,5.93,,,,,
dataflow,ESTAT:HLTH_CD_ASDR2(1.0),Causes of death - standardised death rate by NUTS 2 region of residence,A,Annual,RT,Rate,T,Total,TOTAL,Total,X60-X84_Y870,Intentional self-harm,LT,Lithuania,2011,,33.38,,,,,
dataflow,ESTAT:HLTH_CD_ASDR2(1.0),Causes of death - standardised death rate by NUTS 2 region of residence,A,Annual,RT,Rate,T,Total,TOTAL,Total,X60-X84_Y870,Intentional self-harm,LT,Lithuania,2012,,30.69,,,,,
dataflow,ESTAT:HLTH_CD_ASDR2(1.0),Causes of death - standardised death rate by NUTS 2 region of residence,A,Annual,RT,Rate,T,Total,TOTAL,Total,X60-X84_Y870,Intentional self-harm,LT,Lithuania,2013,,36.12,,,,,
dataflow,ESTAT:HLTH_CD_ASDR2(1.0),Causes of death - standardised death rate by NUTS 2 region of residence,A,Annual,RT,Rate,T,Total,TOTAL,Total,X60-X84_Y870,Intentional self-harm,LT,Lithuania,2014,,31.51,,,,,
dataflow,ESTAT:HLTH_CD_ASDR2(1.0),Causes of death - standardised death rate by NUTS 2 region of residence,A,Annual,RT,Rate,T,Total,TOTAL,Total,X60-X84_Y870,Intentional self-harm,LT,Lithuania,2015,,30.28,,,,,
dataflow,ESTAT:HLTH_CD_ASDR2(1.0),Causes of death - standardised death rate by NUTS 2 region of residence,A,Annual,RT,Rate,T,Total,TOTAL,Total,X60-X84_Y870,Intentional self-harm,LT,Lithuania,2016,,28.17,,,,,
dataflow,ESTAT:HLTH_CD_ASDR2(1.0),Causes of death - standardised death rate by NUTS 2 region of residence,A,Annual,RT,Rate,T,Total,TOTAL,Total,X60-X84_Y870,Intentional self-harm,LT,Lithuania,2017,,26,,,,,
dataflow,ESTAT:HLTH_CD_ASDR2(1.0),Causes of death - standardised death rate by NUTS 2 region of residence,A,Annual,RT,Rate,T,Total,TOTAL,Total,X60-X84_Y870,Intentional self-harm,LT,Lithuania,2018,,23.98,,,,,
dataflow,ESTAT:HLTH_CD_ASDR2(1.0),Causes of death - standardised death rate by NUTS 2 region of residence,A,Annual,RT,Rate,T,Total,TOTAL,Total,X60-X84_Y870,Intentional self-harm,LT,Lithuania,2019,,22.89,,,,,
dataflow,ESTAT:HLTH_CD_ASDR2(1.0),Causes of death - standardised death rate by NUTS 2 region of residence,A,Annual,RT,Rate,T,Total,TOTAL,Total,X60-X84_Y870,Intentional self-harm,LT,Lithuania,2020,,21.29,,,,,
dataflow,ESTAT:HLTH_CD_ASDR2(1.0),Causes of death - standardised death rate by NUTS 2 region of residence,A,Annual,RT,Rate,T,Total,TOTAL,Total,X60-X84_Y870,Intentional self-harm,LT,Lithuania,2021,,19.51,,,,,
dataflow,ESTAT:HLTH_CD_ASDR2(1.0),Causes of death - standardised death rate by NUTS 2 region of residence,A,Annual,RT,Rate,T,Total,TOTAL,Total,X60-X84_Y870,Intentional self-harm,LT,Lithuania,2022,,18.19,,,,,
dataflow,ESTAT:HLTH_CD_ASDR2(1.0),Causes of death - standardised death rate by NUTS 2 region of residence,A,Annual,RT,Rate,T,Total,TOTAL,Total,X60-X84_Y870,Intentional self-harm,LU,Luxembourg,2011,,11.48,,,,,
dataflow,ESTAT:HLTH_CD_ASDR2(1.0),Causes of death - standardised death rate by NUTS 2 region of residence,A,Annual,RT,Rate,T,Total,TOTAL,Total,X60-X84_Y870,Intentional self-harm,LU,Luxembourg,2012,,10.69,,,,,
dataflow,ESTAT:HLTH_CD_ASDR2(1.0),Causes of death - standardised death rate by NUTS 2 region of residence,A,Annual,RT,Rate,T,Total,TOTAL,Total,X60-X84_Y870,Intentional self-harm,LU,Luxembourg,2013,,9.29,,,,,
dataflow,ESTAT:HLTH_CD_ASDR2(1.0),Causes of death - standardised death rate by NUTS 2 region of residence,A,Annual,RT,Rate,T,Total,TOTAL,Total,X60-X84_Y870,Intentional self-harm,LU,Luxembourg,2014,,13.36,,,,,
dataflow,ESTAT:HLTH_CD_ASDR2(1.0),Causes of death - standardised death rate by NUTS 2 region of residence,A,Annual,RT,Rate,T,Total,TOTAL,Total,X60-X84_Y870,Intentional self-harm,LU,Luxembourg,2015,,13.91,,,,,
dataflow,ESTAT:HLTH_CD_ASDR2(1.0),Causes of death - standardised death rate by NUTS 2 region of residence,A,Annual,RT,Rate,T,Total,TOTAL,Total,X60-X84_Y870,Intentional self-harm,LU,Luxembourg,2016,,9.38,,,,,
dataflow,ESTAT:HLTH_CD_ASDR2(1.0),Causes of death - standardised death rate by NUTS 2 region of residence,A,Annual,RT,Rate,T,Total,TOTAL,Total,X60-X84_Y870,Intentional self-harm,LU,Luxembourg,2017,,9.38,,,,,
dataflow,ESTAT:HLTH_CD_ASDR2(1.0),Causes of death - standardised death rate by NUTS 2 region of residence,A,Annual,RT,Rate,T,Total,TOTAL,Total,X60-X84_Y870,Intentional self-harm,LU,Luxembourg,2018,,9.01,,,,,
dataflow,ESTAT:HLTH_CD_ASDR2(1.0),Causes of death - standardised death rate by NUTS 2 region of residence,A,Annual,RT,Rate,T,Total,TOTAL,Total,X60-X84_Y870,Intentional self-harm,LU,Luxembourg,2019,,11.52,,,,,
dataflow,ESTAT:HLTH_CD_ASDR2(1.0),Causes of death - standardised death rate by NUTS 2 region of residence,A,Annual,RT,Rate,T,Total,TOTAL,Total,X60-X84_Y870,Intentional self-harm,LU,Luxembourg,2020,,9.99,,,,,
dataflow,ESTAT:HLTH_CD_ASDR2(1.0),Causes of death - standardised death rate by NUTS 2 region of residence,A,Annual,RT,Rate,T,Total,TOTAL,Total,X60-X84_Y870,Intentional self-harm,LU,Luxembourg,2021,,6.12,,,,,
dataflow,ESTAT:HLTH_CD_ASDR2(1.0),Causes of death - standardised death rate by NUTS 2 region of residence,A,Annual,RT,Rate,T,Total,TOTAL,Total,X60-X84_Y870,Intentional self-harm,LU,Luxembourg,2022,,8.13,,,,,
dataflow,ESTAT:HLTH_CD_ASDR2(1.0),Causes of death - standardised death rate by NUTS 2 region of residence,A,Annual,RT,Rate,T,Total,TOTAL,Total,X60-X84_Y870,Intentional self-harm,LV,Latvia,2011,,21.23,,,,,
dataflow,ESTAT:HLTH_CD_ASDR2(1.0),Causes of death - standardised death rate by NUTS 2 region of residence,A,Annual,RT,Rate,T,Total,TOTAL,Total,X60-X84_Y870,Intentional self-harm,LV,Latvia,2012,,21.82,,,,,
dataflow,ESTAT:HLTH_CD_ASDR2(1.0),Causes of death - standardised death rate by NUTS 2 region of residence,A,Annual,RT,Rate,T,Total,TOTAL,Total,X60-X84_Y870,Intentional self-harm,LV,Latvia,2013,,19.05,,,,,
dataflow,ESTAT:HLTH_CD_ASDR2(1.0),Causes of death - standardised death rate by NUTS 2 region of residence,A,Annual,RT,Rate,T,Total,TOTAL,Total,X60-X84_Y870,Intentional self-harm,LV,Latvia,2014,,18.96,,,,,
dataflow,ESTAT:HLTH_CD_ASDR2(1.0),Causes of death - standardised death rate by NUTS 2 region of residence,A,Annual,RT,Rate,T,Total,TOTAL,Total,X60-X84_Y870,Intentional self-harm,LV,Latvia,2015,,19.34,,,,,
dataflow,ESTAT:HLTH_CD_ASDR2(1.0),Causes of death - standardised death rate by NUTS 2 region of residence,A,Annual,RT,Rate,T,Total,TOTAL,Total,X60-X84_Y870,Intentional self-harm,LV,Latvia,2016,,18.67,,,,,
dataflow,ESTAT:HLTH_CD_ASDR2(1.0),Causes of death - standardised death rate by NUTS 2 region of residence,A,Annual,RT,Rate,T,Total,TOTAL,Total,X60-X84_Y870,Intentional self-harm,LV,Latvia,2017,,17.98,,,,,
dataflow,ESTAT:HLTH_CD_ASDR2(1.0),Causes of death - standardised death rate by NUTS 2 region of residence,A,Annual,RT,Rate,T,Total,TOTAL,Total,X60-X84_Y870,Intentional self-harm,LV,Latvia,2018,,15.57,,,,,
dataflow,ESTAT:HLTH_CD_ASDR2(1.0),Causes of death - standardised death rate by NUTS 2 region of residence,A,Annual,RT,Rate,T,Total,TOTAL,Total,X60-X84_Y870,Intentional self-harm,LV,Latvia,2019,,15.04,,,,,
dataflow,ESTAT:HLTH_CD_ASDR2(1.0),Causes of death - standardised death rate by NUTS 2 region of residence,A,Annual,RT,Rate,T,Total,TOTAL,Total,X60-X84_Y870,Intentional self-harm,LV,Latvia,2020,,15.59,,,,,
dataflow,ESTAT:HLTH_CD_ASDR2(1.0),Causes of death - standardised death rate by NUTS 2 region of residence,A,Annual,RT,Rate,T,Total,TOTAL,Total,X60-X84_Y870,Intentional self-harm,LV,Latvia,2021,,13.38,,,,,
dataflow,ESTAT:HLTH_CD_ASDR2(1.0),Causes of death - standardised death rate by NUTS 2 region of residence,A,Annual,RT,Rate,T,Total,TOTAL,Total,X60-X84_Y870,Intentional self-harm,LV,Latvia,2022,,12.09,,,,,
dataflow,ESTAT:HLTH_CD_ASDR2(1.0),Causes of death - standardised death rate by NUTS 2 region of residence,A,Annual,RT,Rate,T,Total,TOTAL,Total,X60-X84_Y870,Intentional self-harm,MT,Malta,2011,,4.49,,,,,
dataflow,ESTAT:HLTH_CD_ASDR2(1.0),Causes of death - standardised death rate by NUTS 2 region of residence,A,Annual,RT,Rate,T,Total,TOTAL,Total,X60-X84_Y870,Intentional self-harm,MT,Malta,2012,,6.4,,,,,
dataflow,ESTAT:HLTH_CD_ASDR2(1.0),Causes of death - standardised death rate by NUTS 2 region of residence,A,Annual,RT,Rate,T,Total,TOTAL,Total,X60-X84_Y870,Intentional self-harm,MT,Malta,2013,,5.02,,,,,
dataflow,ESTAT:HLTH_CD_ASDR2(1.0),Causes of death - standardised death rate by NUTS 2 region of residence,A,Annual,RT,Rate,T,Total,TOTAL,Total,X60-X84_Y870,Intentional self-harm,MT,Malta,2014,,8.15,,,,,
dataflow,ESTAT:HLTH_CD_ASDR2(1.0),Causes of death - standardised death rate by NUTS 2 region of residence,A,Annual,RT,Rate,T,Total,TOTAL,Total,X60-X84_Y870,Intentional self-harm,MT,Malta,2015,,7.39,,,,,
dataflow,ESTAT:HLTH_CD_ASDR2(1.0),Causes of death - standardised death rate by NUTS 2 region of residence,A,Annual,RT,Rate,T,Total,TOTAL,Total,X60-X84_Y870,Intentional self-harm,MT,Malta,2016,,5.33,,,,,
dataflow,ESTAT:HLTH_CD_ASDR2(1.0),Causes of death - standardised death rate by NUTS 2 region of residence,A,Annual,RT,Rate,T,Total,TOTAL,Total,X60-X84_Y870,Intentional self-harm,MT,Malta,2017,,5.23,,,,,
dataflow,ESTAT:HLTH_CD_ASDR2(1.0),Causes of death - standardised death rate by NUTS 2 region of residence,A,Annual,RT,Rate,T,Total,TOTAL,Total,X60-X84_Y870,Intentional self-harm,MT,Malta,2018,,4.11,,,,,
dataflow,ESTAT:HLTH_CD_ASDR2(1.0),Causes of death - standardised death rate by NUTS 2 region of residence,A,Annual,RT,Rate,T,Total,TOTAL,Total,X60-X84_Y870,Intentional self-harm,MT,Malta,2019,,3.95,,,,,
dataflow,ESTAT:HLTH_CD_ASDR2(1.0),Causes of death - standardised death rate by NUTS 2 region of residence,A,Annual,RT,Rate,T,Total,TOTAL,Total,X60-X84_Y870,Intentional self-harm,MT,Malta,2020,,3.98,,,,,
dataflow,ESTAT:HLTH_CD_ASDR2(1.0),Causes of death - standardised death rate by NUTS 2 region of residence,A,Annual,RT,Rate,T,Total,TOTAL,Total,X60-X84_Y870,Intentional self-harm,MT,Malta,2021,,6.59,,,,,
dataflow,ESTAT:HLTH_CD_ASDR2(1.0),Causes of death - standardised death rate by NUTS 2 region of residence,A,Annual,RT,Rate,T,Total,TOTAL,Total,X60-X84_Y870,Intentional self-harm,MT,Malta,2022,,5.21,,,,,
dataflow,ESTAT:HLTH_CD_ASDR2(1.0),Causes of death - standardised death rate by NUTS 2 region of residence,A,Annual,RT,Rate,T,Total,TOTAL,Total,X60-X84_Y870,Intentional self-harm,NL,Netherlands,2011,,10.01,,,,,
dataflow,ESTAT:HLTH_CD_ASDR2(1.0),Causes of death - standardised death rate by NUTS 2 region of residence,A,Annual,RT,Rate,T,Total,TOTAL,Total,X60-X84_Y870,Intentional self-harm,NL,Netherlands,2012,,10.67,,,,,
dataflow,ESTAT:HLTH_CD_ASDR2(1.0),Causes of death - standardised death rate by NUTS 2 region of residence,A,Annual,RT,Rate,T,Total,TOTAL,Total,X60-X84_Y870,Intentional self-harm,NL,Netherlands,2013,,11.32,,,,,
dataflow,ESTAT:HLTH_CD_ASDR2(1.0),Causes of death - standardised death rate by NUTS 2 region of residence,A,Annual,RT,Rate,T,Total,TOTAL,Total,X60-X84_Y870,Intentional self-harm,NL,Netherlands,2014,,11.12,,,,,
dataflow,ESTAT:HLTH_CD_ASDR2(1.0),Causes of death - standardised death rate by NUTS 2 region of residence,A,Annual,RT,Rate,T,Total,TOTAL,Total,X60-X84_Y870,Intentional self-harm,NL,Netherlands,2015,,11.28,,,,,
dataflow,ESTAT:HLTH_CD_ASDR2(1.0),Causes of death - standardised death rate by NUTS 2 region of residence,A,Annual,RT,Rate,T,Total,TOTAL,Total,X60-X84_Y870,Intentional self-harm,NL,Netherlands,2016,,11.29,,,,,
dataflow,ESTAT:HLTH_CD_ASDR2(1.0),Causes of death - standardised death rate by NUTS 2 region of residence,A,Annual,RT,Rate,T,Total,TOTAL,Total,X60-X84_Y870,Intentional self-harm,NL,Netherlands,2017,,11.22,,,,,
dataflow,ESTAT:HLTH_CD_ASDR2(1.0),Causes of death - standardised death rate by NUTS 2 region of residence,A,Annual,RT,Rate,T,Total,TOTAL,Total,X60-X84_Y870,Intentional self-harm,NL,Netherlands,2018,,10.69,,,,,
dataflow,ESTAT:HLTH_CD_ASDR2(1.0),Causes of death - standardised death rate by NUTS 2 region of residence,A,Annual,RT,Rate,T,Total,TOTAL,Total,X60-X84_Y870,Intentional self-harm,NL,Netherlands,2019,,10.48,,,,,
dataflow,ESTAT:HLTH_CD_ASDR2(1.0),Causes of death - standardised death rate by NUTS 2 region of residence,A,Annual,RT,Rate,T,Total,TOTAL,Total,X60-X84_Y870,Intentional self-harm,NL,Netherlands,2020,,10.49,,,,,
dataflow,ESTAT:HLTH_CD_ASDR2(1.0),Causes of death - standardised death rate by NUTS 2 region of residence,A,Annual,RT,Rate,T,Total,TOTAL,Total,X60-X84_Y870,Intentional self-harm,NL,Netherlands,2021,,10.57,,,,,
dataflow,ESTAT:HLTH_CD_ASDR2(1.0),Causes of death - standardised death rate by NUTS 2 region of residence,A,Annual,RT,Rate,T,Total,TOTAL,Total,X60-X84_Y870,Intentional self-harm,NL,Netherlands,2022,,10.78,,,,,
dataflow,ESTAT:HLTH_CD_ASDR2(1.0),Causes of death - standardised death rate by NUTS 2 region of residence,A,Annual,RT,Rate,T,Total,TOTAL,Total,X60-X84_Y870,Intentional self-harm,NO,Norway,2011,,12.49,,,,,
dataflow,ESTAT:HLTH_CD_ASDR2(1.0),Causes of death - standardised death rate by NUTS 2 region of residence,A,Annual,RT,Rate,T,Total,TOTAL,Total,X60-X84_Y870,Intentional self-harm,NO,Norway,2012,,10.62,,,,,
dataflow,ESTAT:HLTH_CD_ASDR2(1.0),Causes of death - standardised death rate by NUTS 2 region of residence,A,Annual,RT,Rate,T,Total,TOTAL,Total,X60-X84_Y870,Intentional self-harm,NO,Norway,2013,,11.25,,,,,
dataflow,ESTAT:HLTH_CD_ASDR2(1.0),Causes of death - standardised death rate by NUTS 2 region of residence,A,Annual,RT,Rate,T,Total,TOTAL,Total,X60-X84_Y870,Intentional self-harm,NO,Norway,2014,,10.97,,,,,
dataflow,ESTAT:HLTH_CD_ASDR2(1.0),Causes of death - standardised death rate by NUTS 2 region of residence,A,Annual,RT,Rate,T,Total,TOTAL,Total,X60-X84_Y870,Intentional self-harm,NO,Norway,2015,,11.71,,,,,
dataflow,ESTAT:HLTH_CD_ASDR2(1.0),Causes of death - standardised death rate by NUTS 2 region of residence,A,Annual,RT,Rate,T,Total,TOTAL,Total,X60-X84_Y870,Intentional self-harm,NO,Norway,2016,,12.1,,,,,
dataflow,ESTAT:HLTH_CD_ASDR2(1.0),Causes of death - standardised death rate by NUTS 2 region of residence,A,Annual,RT,Rate,T,Total,TOTAL,Total,X60-X84_Y870,Intentional self-harm,NO,Norway,2017,,11.6,,,,,
dataflow,ESTAT:HLTH_CD_ASDR2(1.0),Causes of death - standardised death rate by NUTS 2 region of residence,A,Annual,RT,Rate,T,Total,TOTAL,Total,X60-X84_Y870,Intentional self-harm,NO,Norway,2018,,12.93,,,,,
dataflow,ESTAT:HLTH_CD_ASDR2(1.0),Causes of death - standardised death rate by NUTS 2 region of residence,A,Annual,RT,Rate,T,Total,TOTAL,Total,X60-X84_Y870,Intentional self-harm,NO,Norway,2019,,12.38,,,,,
dataflow,ESTAT:HLTH_CD_ASDR2(1.0),Causes of death - standardised death rate by NUTS 2 region of residence,A,Annual,RT,Rate,T,Total,TOTAL,Total,X60-X84_Y870,Intentional self-harm,NO,Norway,2020,,12.02,,,,,
dataflow,ESTAT:HLTH_CD_ASDR2(1.0),Causes of death - standardised death rate by NUTS 2 region of residence,A,Annual,RT,Rate,T,Total,TOTAL,Total,X60-X84_Y870,Intentional self-harm,NO,Norway,2021,,12.11,,,,,
dataflow,ESTAT:HLTH_CD_ASDR2(1.0),Causes of death - standardised death rate by NUTS 2 region of residence,A,Annual,RT,Rate,T,Total,TOTAL,Total,X60-X84_Y870,Intentional self-harm,NO,Norway,2022,,11.48,,,,,
dataflow,ESTAT:HLTH_CD_ASDR2(1.0),Causes of death - standardised death rate by NUTS 2 region of residence,A,Annual,RT,Rate,T,Total,TOTAL,Total,X60-X84_Y870,Intentional self-harm,PL,Poland,2011,,16.04,,,,,
dataflow,ESTAT:HLTH_CD_ASDR2(1.0),Causes of death - standardised death rate by NUTS 2 region of residence,A,Annual,RT,Rate,T,Total,TOTAL,Total,X60-X84_Y870,Intentional self-harm,PL,Poland,2012,,16.71,,,,,
dataflow,ESTAT:HLTH_CD_ASDR2(1.0),Causes of death - standardised death rate by NUTS 2 region of residence,A,Annual,RT,Rate,T,Total,TOTAL,Total,X60-X84_Y870,Intentional self-harm,PL,Poland,2013,,16.35,,,,,
dataflow,ESTAT:HLTH_CD_ASDR2(1.0),Causes of death - standardised death rate by NUTS 2 region of residence,A,Annual,RT,Rate,T,Total,TOTAL,Total,X60-X84_Y870,Intentional self-harm,PL,Poland,2014,,15.51,,,,,
dataflow,ESTAT:HLTH_CD_ASDR2(1.0),Causes of death - standardised death rate by NUTS 2 region of residence,A,Annual,RT,Rate,T,Total,TOTAL,Total,X60-X84_Y870,Intentional self-harm,PL,Poland,2015,,14.23,,,,,
dataflow,ESTAT:HLTH_CD_ASDR2(1.0),Causes of death - standardised death rate by NUTS 2 region of residence,A,Annual,RT,Rate,T,Total,TOTAL,Total,X60-X84_Y870,Intentional self-harm,PL,Poland,2016,,12.28,,,,,
dataflow,ESTAT:HLTH_CD_ASDR2(1.0),Causes of death - standardised death rate by NUTS 2 region of residence,A,Annual,RT,Rate,T,Total,TOTAL,Total,X60-X84_Y870,Intentional self-harm,PL,Poland,2017,,11.7,,,,,
dataflow,ESTAT:HLTH_CD_ASDR2(1.0),Causes of death - standardised death rate by NUTS 2 region of residence,A,Annual,RT,Rate,T,Total,TOTAL,Total,X60-X84_Y870,Intentional self-harm,PL,Poland,2018,,11.7,,,,,
dataflow,ESTAT:HLTH_CD_ASDR2(1.0),Causes of death - standardised death rate by NUTS 2 region of residence,A,Annual,RT,Rate,T,Total,TOTAL,Total,X60-X84_Y870,Intentional self-harm,PL,Poland,2019,,11.97,,,,,
dataflow,ESTAT:HLTH_CD_ASDR2(1.0),Causes of death - standardised death rate by NUTS 2 region of residence,A,Annual,RT,Rate,T,Total,TOTAL,Total,X60-X84_Y870,Intentional self-harm,PL,Poland,2020,,11.93,,,,,
dataflow,ESTAT:HLTH_CD_ASDR2(1.0),Causes of death - standardised death rate by NUTS 2 region of residence,A,Annual,RT,Rate,T,Total,TOTAL,Total,X60-X84_Y870,Intentional self-harm,PL,Poland,2021,,12.15,,,,,
dataflow,ESTAT:HLTH_CD_ASDR2(1.0),Causes of death - standardised death rate by NUTS 2 region of residence,A,Annual,RT,Rate,T,Total,TOTAL,Total,X60-X84_Y870,Intentional self-harm,PL,Poland,2022,,12.03,,,,,
dataflow,ESTAT:HLTH_CD_ASDR2(1.0),Causes of death - standardised death rate by NUTS 2 region of residence,A,Annual,RT,Rate,T,Total,TOTAL,Total,X60-X84_Y870,Intentional self-harm,PT,Portugal,2011,,9.52,,,,,
dataflow,ESTAT:HLTH_CD_ASDR2(1.0),Causes of death - standardised death rate by NUTS 2 region of residence,A,Annual,RT,Rate,T,Total,TOTAL,Total,X60-X84_Y870,Intentional self-harm,PT,Portugal,2012,,9.98,,,,,
dataflow,ESTAT:HLTH_CD_ASDR2(1.0),Causes of death - standardised death rate by NUTS 2 region of residence,A,Annual,RT,Rate,T,Total,TOTAL,Total,X60-X84_Y870,Intentional self-harm,PT,Portugal,2013,,9.78,,,,,
dataflow,ESTAT:HLTH_CD_ASDR2(1.0),Causes of death - standardised death rate by NUTS 2 region of residence,A,Annual,RT,Rate,T,Total,TOTAL,Total,X60-X84_Y870,Intentional self-harm,PT,Portugal,2014,,11.28,,,,,
dataflow,ESTAT:HLTH_CD_ASDR2(1.0),Causes of death - standardised death rate by NUTS 2 region of residence,A,Annual,RT,Rate,T,Total,TOTAL,Total,X60-X84_Y870,Intentional self-harm,PT,Portugal,2015,,10.38,,,,,
dataflow,ESTAT:HLTH_CD_ASDR2(1.0),Causes of death - standardised death rate by NUTS 2 region of residence,A,Annual,RT,Rate,T,Total,TOTAL,Total,X60-X84_Y870,Intentional self-harm,PT,Portugal,2016,,8.95,,,,,
dataflow,ESTAT:HLTH_CD_ASDR2(1.0),Causes of death - standardised death rate by NUTS 2 region of residence,A,Annual,RT,Rate,T,Total,TOTAL,Total,X60-X84_Y870,Intentional self-harm,PT,Portugal,2017,,9.61,,,,,
dataflow,ESTAT:HLTH_CD_ASDR2(1.0),Causes of death - standardised death rate by NUTS 2 region of residence,A,Annual,RT,Rate,T,Total,TOTAL,Total,X60-X84_Y870,Intentional self-harm,PT,Portugal,2018,,9.03,,,,,
dataflow,ESTAT:HLTH_CD_ASDR2(1.0),Causes of death - standardised death rate by NUTS 2 region of residence,A,Annual,RT,Rate,T,Total,TOTAL,Total,X60-X84_Y870,Intentional self-harm,PT,Portugal,2019,,8.76,,,,,
dataflow,ESTAT:HLTH_CD_ASDR2(1.0),Causes of death - standardised death rate by NUTS 2 region of residence,A,Annual,RT,Rate,T,Total,TOTAL,Total,X60-X84_Y870,Intentional self-harm,PT,Portugal,2020,,8.48,,,,,
dataflow,ESTAT:HLTH_CD_ASDR2(1.0),Causes of death - standardised death rate by NUTS 2 region of residence,A,Annual,RT,Rate,T,Total,TOTAL,Total,X60-X84_Y870,Intentional self-harm,PT,Portugal,2021,,8.22,,,,,
dataflow,ESTAT:HLTH_CD_ASDR2(1.0),Causes of death - standardised death rate by NUTS 2 region of residence,A,Annual,RT,Rate,T,Total,TOTAL,Total,X60-X84_Y870,Intentional self-harm,PT,Portugal,2022,,8.83,,,,,
dataflow,ESTAT:HLTH_CD_ASDR2(1.0),Causes of death - standardised death rate by NUTS 2 region of residence,A,Annual,RT,Rate,T,Total,TOTAL,Total,X60-X84_Y870,Intentional self-harm,RO,Romania,2011,,13,,,,,
dataflow,ESTAT:HLTH_CD_ASDR2(1.0),Causes of death - standardised death rate by NUTS 2 region of residence,A,Annual,RT,Rate,T,Total,TOTAL,Total,X60-X84_Y870,Intentional self-harm,RO,Romania,2012,,12.67,,,,,
dataflow,ESTAT:HLTH_CD_ASDR2(1.0),Causes of death - standardised death rate by NUTS 2 region of residence,A,Annual,RT,Rate,T,Total,TOTAL,Total,X60-X84_Y870,Intentional self-harm,RO,Romania,2013,,12.24,,,,,
dataflow,ESTAT:HLTH_CD_ASDR2(1.0),Causes of death - standardised death rate by NUTS 2 region of residence,A,Annual,RT,Rate,T,Total,TOTAL,Total,X60-X84_Y870,Intentional self-harm,RO,Romania,2014,,11.33,,,,,
dataflow,ESTAT:HLTH_CD_ASDR2(1.0),Causes of death - standardised death rate by NUTS 2 region of residence,A,Annual,RT,Rate,T,Total,TOTAL,Total,X60-X84_Y870,Intentional self-harm,RO,Romania,2015,,11.43,,,,,
dataflow,ESTAT:HLTH_CD_ASDR2(1.0),Causes of death - standardised death rate by NUTS 2 region of residence,A,Annual,RT,Rate,T,Total,TOTAL,Total,X60-X84_Y870,Intentional self-harm,RO,Romania,2016,,10.16,,,,,
dataflow,ESTAT:HLTH_CD_ASDR2(1.0),Causes of death - standardised death rate by NUTS 2 region of residence,A,Annual,RT,Rate,T,Total,TOTAL,Total,X60-X84_Y870,Intentional self-harm,RO,Romania,2017,,9.97,,,,,
dataflow,ESTAT:HLTH_CD_ASDR2(1.0),Causes of death - standardised death rate by NUTS 2 region of residence,A,Annual,RT,Rate,T,Total,TOTAL,Total,X60-X84_Y870,Intentional self-harm,RO,Romania,2018,,10.03,,,,,
dataflow,ESTAT:HLTH_CD_ASDR2(1.0),Causes of death - standardised death rate by NUTS 2 region of residence,A,Annual,RT,Rate,T,Total,TOTAL,Total,X60-X84_Y870,Intentional self-harm,RO,Romania,2019,,9.04,,,,,
dataflow,ESTAT:HLTH_CD_ASDR2(1.0),Causes of death - standardised death rate by NUTS 2 region of residence,A,Annual,RT,Rate,T,Total,TOTAL,Total,X60-X84_Y870,Intentional self-harm,RO,Romania,2020,,9.04,,,,,
dataflow,ESTAT:HLTH_CD_ASDR2(1.0),Causes of death - standardised death rate by NUTS 2 region of residence,A,Annual,RT,Rate,T,Total,TOTAL,Total,X60-X84_Y870,Intentional self-harm,RO,Romania,2021,,9.33,,,,,
dataflow,ESTAT:HLTH_CD_ASDR2(1.0),Causes of death - standardised death rate by NUTS 2 region of residence,A,Annual,RT,Rate,T,Total,TOTAL,Total,X60-X84_Y870,Intentional self-harm,RO,Romania,2022,,8.93,,,,,
dataflow,ESTAT:HLTH_CD_ASDR2(1.0),Causes of death - standardised death rate by NUTS 2 region of residence,A,Annual,RT,Rate,T,Total,TOTAL,Total,X60-X84_Y870,Intentional self-harm,RS,Serbia,2011,,17.95,,,,,
dataflow,ESTAT:HLTH_CD_ASDR2(1.0),Causes of death - standardised death rate by NUTS 2 region of residence,A,Annual,RT,Rate,T,Total,TOTAL,Total,X60-X84_Y870,Intentional self-harm,RS,Serbia,2012,,17.28,,,,,
dataflow,ESTAT:HLTH_CD_ASDR2(1.0),Causes of death - standardised death rate by NUTS 2 region of residence,A,Annual,RT,Rate,T,Total,TOTAL,Total,X60-X84_Y870,Intentional self-harm,RS,Serbia,2013,,16.81,,,,,
dataflow,ESTAT:HLTH_CD_ASDR2(1.0),Causes of death - standardised death rate by NUTS 2 region of residence,A,Annual,RT,Rate,T,Total,TOTAL,Total,X60-X84_Y870,Intentional self-harm,RS,Serbia,2014,,15.88,,,,,
dataflow,ESTAT:HLTH_CD_ASDR2(1.0),Causes of death - standardised death rate by NUTS 2 region of residence,A,Annual,RT,Rate,T,Total,TOTAL,Total,X60-X84_Y870,Intentional self-harm,RS,Serbia,2015,,15.03,,,,,
dataflow,ESTAT:HLTH_CD_ASDR2(1.0),Causes of death - standardised death rate by NUTS 2 region of residence,A,Annual,RT,Rate,T,Total,TOTAL,Total,X60-X84_Y870,Intentional self-harm,RS,Serbia,2016,,13.52,,,,,
dataflow,ESTAT:HLTH_CD_ASDR2(1.0),Causes of death - standardised death rate by NUTS 2 region of residence,A,Annual,RT,Rate,T,Total,TOTAL,Total,X60-X84_Y870,Intentional self-harm,RS,Serbia,2017,,14.24,,,,,
dataflow,ESTAT:HLTH_CD_ASDR2(1.0),Causes of death - standardised death rate by NUTS 2 region of residence,A,Annual,RT,Rate,T,Total,TOTAL,Total,X60-X84_Y870,Intentional self-harm,RS,Serbia,2018,,13.34,,,,,
dataflow,ESTAT:HLTH_CD_ASDR2(1.0),Causes of death - standardised death rate by NUTS 2 region of residence,A,Annual,RT,Rate,T,Total,TOTAL,Total,X60-X84_Y870,Intentional self-harm,RS,Serbia,2019,,13.26,,,,,
dataflow,ESTAT:HLTH_CD_ASDR2(1.0),Causes of death - standardised death rate by NUTS 2 region of residence,A,Annual,RT,Rate,T,Total,TOTAL,Total,X60-X84_Y870,Intentional self-harm,RS,Serbia,2020,,12.67,,,,,
dataflow,ESTAT:HLTH_CD_ASDR2(1.0),Causes of death - standardised death rate by NUTS 2 region of residence,A,Annual,RT,Rate,T,Total,TOTAL,Total,X60-X84_Y870,Intentional self-harm,RS,Serbia,2021,,12.56,,,,,
dataflow,ESTAT:HLTH_CD_ASDR2(1.0),Causes of death - standardised death rate by NUTS 2 region of residence,A,Annual,RT,Rate,T,Total,TOTAL,Total,X60-X84_Y870,Intentional self-harm,RS,Serbia,2022,,11.11,,,,,
dataflow,ESTAT:HLTH_CD_ASDR2(1.0),Causes of death - standardised death rate by NUTS 2 region of residence,A,Annual,RT,Rate,T,Total,TOTAL,Total,X60-X84_Y870,Intentional self-harm,SE,Sweden,2011,,11.99,,,,,
dataflow,ESTAT:HLTH_CD_ASDR2(1.0),Causes of death - standardised death rate by NUTS 2 region of residence,A,Annual,RT,Rate,T,Total,TOTAL,Total,X60-X84_Y870,Intentional self-harm,SE,Sweden,2012,,12.39,,,,,
dataflow,ESTAT:HLTH_CD_ASDR2(1.0),Causes of death - standardised death rate by NUTS 2 region of residence,A,Annual,RT,Rate,T,Total,TOTAL,Total,X60-X84_Y870,Intentional self-harm,SE,Sweden,2013,,13.03,,,,,
dataflow,ESTAT:HLTH_CD_ASDR2(1.0),Causes of death - standardised death rate by NUTS 2 region of residence,A,Annual,RT,Rate,T,Total,TOTAL,Total,X60-X84_Y870,Intentional self-harm,SE,Sweden,2014,,12.13,,,,,
dataflow,ESTAT:HLTH_CD_ASDR2(1.0),Causes of death - standardised death rate by NUTS 2 region of residence,A,Annual,RT,Rate,T,Total,TOTAL,Total,X60-X84_Y870,Intentional self-harm,SE,Sweden,2015,,12.3,,,,,
dataflow,ESTAT:HLTH_CD_ASDR2(1.0),Causes of death - standardised death rate by NUTS 2 region of residence,A,Annual,RT,Rate,T,Total,TOTAL,Total,X60-X84_Y870,Intentional self-harm,SE,Sweden,2016,,11.73,,,,,
dataflow,ESTAT:HLTH_CD_ASDR2(1.0),Causes of death - standardised death rate by NUTS 2 region of residence,A,Annual,RT,Rate,T,Total,TOTAL,Total,X60-X84_Y870,Intentional self-harm,SE,Sweden,2017,,12.08,,,,,
dataflow,ESTAT:HLTH_CD_ASDR2(1.0),Causes of death - standardised death rate by NUTS 2 region of residence,A,Annual,RT,Rate,T,Total,TOTAL,Total,X60-X84_Y870,Intentional self-harm,SE,Sweden,2018,,12.73,,,,,
dataflow,ESTAT:HLTH_CD_ASDR2(1.0),Causes of death - standardised death rate by NUTS 2 region of residence,A,Annual,RT,Rate,T,Total,TOTAL,Total,X60-X84_Y870,Intentional self-harm,SE,Sweden,2019,,12.75,,,,,
dataflow,ESTAT:HLTH_CD_ASDR2(1.0),Causes of death - standardised death rate by NUTS 2 region of residence,A,Annual,RT,Rate,T,Total,TOTAL,Total,X60-X84_Y870,Intentional self-harm,SE,Sweden,2020,,11.91,,,,,
dataflow,ESTAT:HLTH_CD_ASDR2(1.0),Causes of death - standardised death rate by NUTS 2 region of residence,A,Annual,RT,Rate,T,Total,TOTAL,Total,X60-X84_Y870,Intentional self-harm,SE,Sweden,2021,,12.08,,,,,
dataflow,ESTAT:HLTH_CD_ASDR2(1.0),Causes of death - standardised death rate by NUTS 2 region of residence,A,Annual,RT,Rate,T,Total,TOTAL,Total,X60-X84_Y870,Intentional self-harm,SE,Sweden,2022,,12.47,,,,,
dataflow,ESTAT:HLTH_CD_ASDR2(1.0),Causes of death - standardised death rate by NUTS 2 region of residence,A,Annual,RT,Rate,T,Total,TOTAL,Total,X60-X84_Y870,Intentional self-harm,SI,Slovenia,2011,,21.71,,,,,
dataflow,ESTAT:HLTH_CD_ASDR2(1.0),Causes of death - standardised death rate by NUTS 2 region of residence,A,Annual,RT,Rate,T,Total,TOTAL,Total,X60-X84_Y870,Intentional self-harm,SI,Slovenia,2012,,21.53,,,,,
dataflow,ESTAT:HLTH_CD_ASDR2(1.0),Causes of death - standardised death rate by NUTS 2 region of residence,A,Annual,RT,Rate,T,Total,TOTAL,Total,X60-X84_Y870,Intentional self-harm,SI,Slovenia,2013,,21.7,,,,,
dataflow,ESTAT:HLTH_CD_ASDR2(1.0),Causes of death - standardised death rate by NUTS 2 region of residence,A,Annual,RT,Rate,T,Total,TOTAL,Total,X60-X84_Y870,Intentional self-harm,SI,Slovenia,2014,,18.87,,,,,
dataflow,ESTAT:HLTH_CD_ASDR2(1.0),Causes of death - standardised death rate by NUTS 2 region of residence,A,Annual,RT,Rate,T,Total,TOTAL,Total,X60-X84_Y870,Intentional self-harm,SI,Slovenia,2015,,20.72,,,,,
dataflow,ESTAT:HLTH_CD_ASDR2(1.0),Causes of death - standardised death rate by NUTS 2 region of residence,A,Annual,RT,Rate,T,Total,TOTAL,Total,X60-X84_Y870,Intentional self-harm,SI,Slovenia,2016,,18.09,,,,,
dataflow,ESTAT:HLTH_CD_ASDR2(1.0),Causes of death - standardised death rate by NUTS 2 region of residence,A,Annual,RT,Rate,T,Total,TOTAL,Total,X60-X84_Y870,Intentional self-harm,SI,Slovenia,2017,,19.52,,,,,
dataflow,ESTAT:HLTH_CD_ASDR2(1.0),Causes of death - standardised death rate by NUTS 2 region of residence,A,Annual,RT,Rate,T,Total,TOTAL,Total,X60-X84_Y870,Intentional self-harm,SI,Slovenia,2018,,16.86,,,,,
dataflow,ESTAT:HLTH_CD_ASDR2(1.0),Causes of death - standardised death rate by NUTS 2 region of residence,A,Annual,RT,Rate,T,Total,TOTAL,Total,X60-X84_Y870,Intentional self-harm,SI,Slovenia,2019,,18.23,,,,,
dataflow,ESTAT:HLTH_CD_ASDR2(1.0),Causes of death - standardised death rate by NUTS 2 region of residence,A,Annual,RT,Rate,T,Total,TOTAL,Total,X60-X84_Y870,Intentional self-harm,SI,Slovenia,2020,,17.06,,,,,
dataflow,ESTAT:HLTH_CD_ASDR2(1.0),Causes of death - standardised death rate by NUTS 2 region of residence,A,Annual,RT,Rate,T,Total,TOTAL,Total,X60-X84_Y870,Intentional self-harm,SI,Slovenia,2021,,19.81,,,,,
dataflow,ESTAT:HLTH_CD_ASDR2(1.0),Causes of death - standardised death rate by NUTS 2 region of residence,A,Annual,RT,Rate,T,Total,TOTAL,Total,X60-X84_Y870,Intentional self-harm,SI,Slovenia,2022,,18.29,,,,,
dataflow,ESTAT:HLTH_CD_ASDR2(1.0),Causes of death - standardised death rate by NUTS 2 region of residence,A,Annual,RT,Rate,T,Total,TOTAL,Total,X60-X84_Y870,Intentional self-harm,SK,Slovakia,2011,,10.6,,,,,
dataflow,ESTAT:HLTH_CD_ASDR2(1.0),Causes of death - standardised death rate by NUTS 2 region of residence,A,Annual,RT,Rate,T,Total,TOTAL,Total,X60-X84_Y870,Intentional self-harm,SK,Slovakia,2012,,11.12,,,,,
dataflow,ESTAT:HLTH_CD_ASDR2(1.0),Causes of death - standardised death rate by NUTS 2 region of residence,A,Annual,RT,Rate,T,Total,TOTAL,Total,X60-X84_Y870,Intentional self-harm,SK,Slovakia,2013,,12.07,,,,,
dataflow,ESTAT:HLTH_CD_ASDR2(1.0),Causes of death - standardised death rate by NUTS 2 region of residence,A,Annual,RT,Rate,T,Total,TOTAL,Total,X60-X84_Y870,Intentional self-harm,SK,Slovakia,2014,,10.74,,,,,
dataflow,ESTAT:HLTH_CD_ASDR2(1.0),Causes of death - standardised death rate by NUTS 2 region of residence,A,Annual,RT,Rate,T,Total,TOTAL,Total,X60-X84_Y870,Intentional self-harm,SK,Slovakia,2015,,9.19,,,,,
dataflow,ESTAT:HLTH_CD_ASDR2(1.0),Causes of death - standardised death rate by NUTS 2 region of residence,A,Annual,RT,Rate,T,Total,TOTAL,Total,X60-X84_Y870,Intentional self-harm,SK,Slovakia,2016,,7.48,,,,,
dataflow,ESTAT:HLTH_CD_ASDR2(1.0),Causes of death - standardised death rate by NUTS 2 region of residence,A,Annual,RT,Rate,T,Total,TOTAL,Total,X60-X84_Y870,Intentional self-harm,SK,Slovakia,2017,,7.23,,,,,
dataflow,ESTAT:HLTH_CD_ASDR2(1.0),Causes of death - standardised death rate by NUTS 2 region of residence,A,Annual,RT,Rate,T,Total,TOTAL,Total,X60-X84_Y870,Intentional self-harm,SK,Slovakia,2018,,7.94,,,,,
dataflow,ESTAT:HLTH_CD_ASDR2(1.0),Causes of death - standardised death rate by NUTS 2 region of residence,A,Annual,RT,Rate,T,Total,TOTAL,Total,X60-X84_Y870,Intentional self-harm,SK,Slovakia,2019,,6.97,,,,,
dataflow,ESTAT:HLTH_CD_ASDR2(1.0),Causes of death - standardised death rate by NUTS 2 region of residence,A,Annual,RT,Rate,T,Total,TOTAL,Total,X60-X84_Y870,Intentional self-harm,SK,Slovakia,2020,,6.9,,,,,
dataflow,ESTAT:HLTH_CD_ASDR2(1.0),Causes of death - standardised death rate by NUTS 2 region of residence,A,Annual,RT,Rate,T,Total,TOTAL,Total,X60-X84_Y870,Intentional self-harm,SK,Slovakia,2021,,7.5,,,,,
dataflow,ESTAT:HLTH_CD_ASDR2(1.0),Causes of death - standardised death rate by NUTS 2 region of residence,A,Annual,RT,Rate,T,Total,TOTAL,Total,X60-X84_Y870,Intentional self-harm,SK,Slovakia,2022,,7.42,,,,,
dataflow,ESTAT:HLTH_CD_ASDR2(1.0),Causes of death - standardised death rate by NUTS 2 region of residence,A,Annual,RT,Rate,T,Total,TOTAL,Total,X60-X84_Y870,Intentional self-harm,TR,Trkiye,2011,,1.78,,d,definition differs (see metadata),,
dataflow,ESTAT:HLTH_CD_ASDR2(1.0),Causes of death - standardised death rate by NUTS 2 region of residence,A,Annual,RT,Rate,T,Total,TOTAL,Total,X60-X84_Y870,Intentional self-harm,TR,Trkiye,2012,,2.19,,d,definition differs (see metadata),,
dataflow,ESTAT:HLTH_CD_ASDR2(1.0),Causes of death - standardised death rate by NUTS 2 region of residence,A,Annual,RT,Rate,T,Total,TOTAL,Total,X60-X84_Y870,Intentional self-harm,TR,Trkiye,2013,,2.82,,d,definition differs (see metadata),,
dataflow,ESTAT:HLTH_CD_ASDR2(1.0),Causes of death - standardised death rate by NUTS 2 region of residence,A,Annual,RT,Rate,T,Total,TOTAL,Total,X60-X84_Y870,Intentional self-harm,TR,Trkiye,2014,,2.4,,d,definition differs (see metadata),,
dataflow,ESTAT:HLTH_CD_ASDR2(1.0),Causes of death - standardised death rate by NUTS 2 region of residence,A,Annual,RT,Rate,T,Total,TOTAL,Total,X60-X84_Y870,Intentional self-harm,TR,Trkiye,2015,,2.18,,d,definition differs (see metadata),,
dataflow,ESTAT:HLTH_CD_ASDR2(1.0),Causes of death - standardised death rate by NUTS 2 region of residence,A,Annual,RT,Rate,T,Total,TOTAL,Total,X60-X84_Y870,Intentional self-harm,TR,Trkiye,2016,,2.64,,d,definition differs (see metadata),,
dataflow,ESTAT:HLTH_CD_ASDR2(1.0),Causes of death - standardised death rate by NUTS 2 region of residence,A,Annual,RT,Rate,T,Total,TOTAL,Total,X60-X84_Y870,Intentional self-harm,TR,Trkiye,2017,,3.72,,d,definition differs (see metadata),,
dataflow,ESTAT:HLTH_CD_ASDR2(1.0),Causes of death - standardised death rate by NUTS 2 region of residence,A,Annual,RT,Rate,T,Total,TOTAL,Total,X60-X84_Y870,Intentional self-harm,TR,Trkiye,2018,,4.49,,d,definition differs (see metadata),,
dataflow,ESTAT:HLTH_CD_ASDR2(1.0),Causes of death - standardised death rate by NUTS 2 region of residence,A,Annual,RT,Rate,T,Total,TOTAL,Total,X60-X84_Y870,Intentional self-harm,TR,Trkiye,2019,,4.49,,d,definition differs (see metadata),,
dataflow,ESTAT:HLTH_CD_ASDR2(1.0),Causes of death - standardised death rate by NUTS 2 region of residence,A,Annual,RT,Rate,T,Total,TOTAL,Total,X60-X84_Y870,Intentional self-harm,TR,Trkiye,2020,,4.91,,d,definition differs (see metadata),,
dataflow,ESTAT:HLTH_CD_ASDR2(1.0),Causes of death - standardised death rate by NUTS 2 region of residence,A,Annual,RT,Rate,T,Total,TOTAL,Total,X60-X84_Y870,Intentional self-harm,TR,Trkiye,2021,,5.25,,d,definition differs (see metadata),,
dataflow,ESTAT:HLTH_CD_ASDR2(1.0),Causes of death - standardised death rate by NUTS 2 region of residence,A,Annual,RT,Rate,T,Total,TOTAL,Total,X60-X84_Y870,Intentional self-harm,TR,Trkiye,2022,,5.12,,d,definition differs (see metadata),,
dataflow,ESTAT:HLTH_CD_ASDR2(1.0),Causes of death - standardised death rate by NUTS 2 region of residence,A,Annual,RT,Rate,T,Total,TOTAL,Total,X60-X84_Y870,Intentional self-harm,UK,United Kingdom,2011,,6.71,,d,definition differs (see metadata),,
dataflow,ESTAT:HLTH_CD_ASDR2(1.0),Causes of death - standardised death rate by NUTS 2 region of residence,A,Annual,RT,Rate,T,Total,TOTAL,Total,X60-X84_Y870,Intentional self-harm,UK,United Kingdom,2012,,7.22,,,,,
dataflow,ESTAT:HLTH_CD_ASDR2(1.0),Causes of death - standardised death rate by NUTS 2 region of residence,A,Annual,RT,Rate,T,Total,TOTAL,Total,X60-X84_Y870,Intentional self-harm,UK,United Kingdom,2013,,7.36,,,,,
dataflow,ESTAT:HLTH_CD_ASDR2(1.0),Causes of death - standardised death rate by NUTS 2 region of residence,A,Annual,RT,Rate,T,Total,TOTAL,Total,X60-X84_Y870,Intentional self-harm,UK,United Kingdom,2014,,7.08,,,,,
dataflow,ESTAT:HLTH_CD_ASDR2(1.0),Causes of death - standardised death rate by NUTS 2 region of residence,A,Annual,RT,Rate,T,Total,TOTAL,Total,X60-X84_Y870,Intentional self-harm,UK,United Kingdom,2015,,7.36,,,,,
dataflow,ESTAT:HLTH_CD_ASDR2(1.0),Causes of death - standardised death rate by NUTS 2 region of residence,A,Annual,RT,Rate,T,Total,TOTAL,Total,X60-X84_Y870,Intentional self-harm,UK,United Kingdom,2016,,7.22,,,,,
dataflow,ESTAT:HLTH_CD_ASDR2(1.0),Causes of death - standardised death rate by NUTS 2 region of residence,A,Annual,RT,Rate,T,Total,TOTAL,Total,X60-X84_Y870,Intentional self-harm,UK,United Kingdom,2017,,7.45,,,,,
dataflow,ESTAT:HLTH_CD_ASDR2(1.0),Causes of death - standardised death rate by NUTS 2 region of residence,A,Annual,RT,Rate,T,Total,TOTAL,Total,X60-X84_Y870,Intentional self-harm,UK,United Kingdom,2018,,8.26,,,,,
