DATAFLOW,LAST UPDATE,freq,unit,sex,age,icd10,geo,TIME_PERIOD,OBS_VALUE,OBS_FLAG,CONF_STATUS
ESTAT:HLTH_CD_ASDR2(1.0),21/03/25 11:00:00,Annual,Rate,Total,Total,Mental and behavioural disorders (F00-F99),Austria,2011,11.84,,
ESTAT:HLTH_CD_ASDR2(1.0),21/03/25 11:00:00,Annual,Rate,Total,Total,Mental and behavioural disorders (F00-F99),Austria,2012,15.5,,
ESTAT:HLTH_CD_ASDR2(1.0),21/03/25 11:00:00,Annual,Rate,Total,Total,Mental and behavioural disorders (F00-F99),Austria,2013,20.52,,
ESTAT:HLTH_CD_ASDR2(1.0),21/03/25 11:00:00,Annual,Rate,Total,Total,Mental and behavioural disorders (F00-F99),Austria,2014,18.92,,
ESTAT:HLTH_CD_ASDR2(1.0),21/03/25 11:00:00,Annual,Rate,Total,Total,Mental and behavioural disorders (F00-F99),Austria,2015,21.49,,
ESTAT:HLTH_CD_ASDR2(1.0),21/03/25 11:00:00,Annual,Rate,Total,Total,Mental and behavioural disorders (F00-F99),Austria,2016,25.03,,
ESTAT:HLTH_CD_ASDR2(1.0),21/03/25 11:00:00,Annual,Rate,Total,Total,Mental and behavioural disorders (F00-F99),Austria,2017,34.47,,
ESTAT:HLTH_CD_ASDR2(1.0),21/03/25 11:00:00,Annual,Rate,Total,Total,Mental and behavioural disorders (F00-F99),Austria,2018,38.36,,
ESTAT:HLTH_CD_ASDR2(1.0),21/03/25 11:00:00,Annual,Rate,Total,Total,Mental and behavioural disorders (F00-F99),Austria,2019,37.43,,
ESTAT:HLTH_CD_ASDR2(1.0),21/03/25 11:00:00,Annual,Rate,Total,Total,Mental and behavioural disorders (F00-F99),Austria,2020,35.32,,
ESTAT:HLTH_CD_ASDR2(1.0),21/03/25 11:00:00,Annual,Rate,Total,Total,Mental and behavioural disorders (F00-F99),Austria,2021,38.88,,
ESTAT:HLTH_CD_ASDR2(1.0),21/03/25 11:00:00,Annual,Rate,Total,Total,Mental and behavioural disorders (F00-F99),Austria,2022,40.72,,
ESTAT:HLTH_CD_ASDR2(1.0),21/03/25 11:00:00,Annual,Rate,Total,Total,Mental and behavioural disorders (F00-F99),Belgium,2011,38.85,,
ESTAT:HLTH_CD_ASDR2(1.0),21/03/25 11:00:00,Annual,Rate,Total,Total,Mental and behavioural disorders (F00-F99),Belgium,2012,45.24,,
ESTAT:HLTH_CD_ASDR2(1.0),21/03/25 11:00:00,Annual,Rate,Total,Total,Mental and behavioural disorders (F00-F99),Belgium,2013,46.95,,
ESTAT:HLTH_CD_ASDR2(1.0),21/03/25 11:00:00,Annual,Rate,Total,Total,Mental and behavioural disorders (F00-F99),Belgium,2014,42.91,,
ESTAT:HLTH_CD_ASDR2(1.0),21/03/25 11:00:00,Annual,Rate,Total,Total,Mental and behavioural disorders (F00-F99),Belgium,2015,48.54,,
ESTAT:HLTH_CD_ASDR2(1.0),21/03/25 11:00:00,Annual,Rate,Total,Total,Mental and behavioural disorders (F00-F99),Belgium,2016,46.69,,
ESTAT:HLTH_CD_ASDR2(1.0),21/03/25 11:00:00,Annual,Rate,Total,Total,Mental and behavioural disorders (F00-F99),Belgium,2017,48.72,,
ESTAT:HLTH_CD_ASDR2(1.0),21/03/25 11:00:00,Annual,Rate,Total,Total,Mental and behavioural disorders (F00-F99),Belgium,2018,46.71,,
ESTAT:HLTH_CD_ASDR2(1.0),21/03/25 11:00:00,Annual,Rate,Total,Total,Mental and behavioural disorders (F00-F99),Belgium,2019,47.76,,
ESTAT:HLTH_CD_ASDR2(1.0),21/03/25 11:00:00,Annual,Rate,Total,Total,Mental and behavioural disorders (F00-F99),Belgium,2020,44.62,,
ESTAT:HLTH_CD_ASDR2(1.0),21/03/25 11:00:00,Annual,Rate,Total,Total,Mental and behavioural disorders (F00-F99),Belgium,2021,39.02,,
ESTAT:HLTH_CD_ASDR2(1.0),21/03/25 11:00:00,Annual,Rate,Total,Total,Mental and behavioural disorders (F00-F99),Belgium,2022,43.02,,
ESTAT:HLTH_CD_ASDR2(1.0),21/03/25 11:00:00,Annual,Rate,Total,Total,Mental and behavioural disorders (F00-F99),Bulgaria,2011,1.04,,
ESTAT:HLTH_CD_ASDR2(1.0),21/03/25 11:00:00,Annual,Rate,Total,Total,Mental and behavioural disorders (F00-F99),Bulgaria,2012,1.26,,
ESTAT:HLTH_CD_ASDR2(1.0),21/03/25 11:00:00,Annual,Rate,Total,Total,Mental and behavioural disorders (F00-F99),Bulgaria,2013,1.41,,
ESTAT:HLTH_CD_ASDR2(1.0),21/03/25 11:00:00,Annual,Rate,Total,Total,Mental and behavioural disorders (F00-F99),Bulgaria,2014,1.08,,
ESTAT:HLTH_CD_ASDR2(1.0),21/03/25 11:00:00,Annual,Rate,Total,Total,Mental and behavioural disorders (F00-F99),Bulgaria,2015,1.3,,
ESTAT:HLTH_CD_ASDR2(1.0),21/03/25 11:00:00,Annual,Rate,Total,Total,Mental and behavioural disorders (F00-F99),Bulgaria,2016,1.27,,
ESTAT:HLTH_CD_ASDR2(1.0),21/03/25 11:00:00,Annual,Rate,Total,Total,Mental and behavioural disorders (F00-F99),Bulgaria,2017,1.17,,
ESTAT:HLTH_CD_ASDR2(1.0),21/03/25 11:00:00,Annual,Rate,Total,Total,Mental and behavioural disorders (F00-F99),Bulgaria,2018,1.27,,
ESTAT:HLTH_CD_ASDR2(1.0),21/03/25 11:00:00,Annual,Rate,Total,Total,Mental and behavioural disorders (F00-F99),Bulgaria,2019,1.32,,
ESTAT:HLTH_CD_ASDR2(1.0),21/03/25 11:00:00,Annual,Rate,Total,Total,Mental and behavioural disorders (F00-F99),Bulgaria,2020,1.96,,
ESTAT:HLTH_CD_ASDR2(1.0),21/03/25 11:00:00,Annual,Rate,Total,Total,Mental and behavioural disorders (F00-F99),Bulgaria,2021,1.56,,
ESTAT:HLTH_CD_ASDR2(1.0),21/03/25 11:00:00,Annual,Rate,Total,Total,Mental and behavioural disorders (F00-F99),Bulgaria,2022,1.2,,
ESTAT:HLTH_CD_ASDR2(1.0),21/03/25 11:00:00,Annual,Rate,Total,Total,Mental and behavioural disorders (F00-F99),Switzerland,2011,62.79,,
ESTAT:HLTH_CD_ASDR2(1.0),21/03/25 11:00:00,Annual,Rate,Total,Total,Mental and behavioural disorders (F00-F99),Switzerland,2012,65.89,,
ESTAT:HLTH_CD_ASDR2(1.0),21/03/25 11:00:00,Annual,Rate,Total,Total,Mental and behavioural disorders (F00-F99),Switzerland,2013,68.91,,
ESTAT:HLTH_CD_ASDR2(1.0),21/03/25 11:00:00,Annual,Rate,Total,Total,Mental and behavioural disorders (F00-F99),Switzerland,2014,65.25,,
ESTAT:HLTH_CD_ASDR2(1.0),21/03/25 11:00:00,Annual,Rate,Total,Total,Mental and behavioural disorders (F00-F99),Switzerland,2015,70.97,,
ESTAT:HLTH_CD_ASDR2(1.0),21/03/25 11:00:00,Annual,Rate,Total,Total,Mental and behavioural disorders (F00-F99),Switzerland,2016,63.69,,
ESTAT:HLTH_CD_ASDR2(1.0),21/03/25 11:00:00,Annual,Rate,Total,Total,Mental and behavioural disorders (F00-F99),Switzerland,2017,69.83,,
ESTAT:HLTH_CD_ASDR2(1.0),21/03/25 11:00:00,Annual,Rate,Total,Total,Mental and behavioural disorders (F00-F99),Switzerland,2018,67.44,,
ESTAT:HLTH_CD_ASDR2(1.0),21/03/25 11:00:00,Annual,Rate,Total,Total,Mental and behavioural disorders (F00-F99),Switzerland,2019,67.31,,
ESTAT:HLTH_CD_ASDR2(1.0),21/03/25 11:00:00,Annual,Rate,Total,Total,Mental and behavioural disorders (F00-F99),Switzerland,2020,65.53,,
ESTAT:HLTH_CD_ASDR2(1.0),21/03/25 11:00:00,Annual,Rate,Total,Total,Mental and behavioural disorders (F00-F99),Switzerland,2021,58.95,,
ESTAT:HLTH_CD_ASDR2(1.0),21/03/25 11:00:00,Annual,Rate,Total,Total,Mental and behavioural disorders (F00-F99),Switzerland,2022,64.66,,
ESTAT:HLTH_CD_ASDR2(1.0),21/03/25 11:00:00,Annual,Rate,Total,Total,Mental and behavioural disorders (F00-F99),Cyprus,2011,18.42,,
ESTAT:HLTH_CD_ASDR2(1.0),21/03/25 11:00:00,Annual,Rate,Total,Total,Mental and behavioural disorders (F00-F99),Cyprus,2012,19.5,,
ESTAT:HLTH_CD_ASDR2(1.0),21/03/25 11:00:00,Annual,Rate,Total,Total,Mental and behavioural disorders (F00-F99),Cyprus,2013,18.78,,
ESTAT:HLTH_CD_ASDR2(1.0),21/03/25 11:00:00,Annual,Rate,Total,Total,Mental and behavioural disorders (F00-F99),Cyprus,2014,23.76,,
ESTAT:HLTH_CD_ASDR2(1.0),21/03/25 11:00:00,Annual,Rate,Total,Total,Mental and behavioural disorders (F00-F99),Cyprus,2015,29.9,,
ESTAT:HLTH_CD_ASDR2(1.0),21/03/25 11:00:00,Annual,Rate,Total,Total,Mental and behavioural disorders (F00-F99),Cyprus,2016,33.06,,
ESTAT:HLTH_CD_ASDR2(1.0),21/03/25 11:00:00,Annual,Rate,Total,Total,Mental and behavioural disorders (F00-F99),Cyprus,2017,38.78,,
ESTAT:HLTH_CD_ASDR2(1.0),21/03/25 11:00:00,Annual,Rate,Total,Total,Mental and behavioural disorders (F00-F99),Cyprus,2018,47.67,,
ESTAT:HLTH_CD_ASDR2(1.0),21/03/25 11:00:00,Annual,Rate,Total,Total,Mental and behavioural disorders (F00-F99),Cyprus,2019,45.33,,
ESTAT:HLTH_CD_ASDR2(1.0),21/03/25 11:00:00,Annual,Rate,Total,Total,Mental and behavioural disorders (F00-F99),Cyprus,2020,39.67,,
ESTAT:HLTH_CD_ASDR2(1.0),21/03/25 11:00:00,Annual,Rate,Total,Total,Mental and behavioural disorders (F00-F99),Cyprus,2021,51.98,,
ESTAT:HLTH_CD_ASDR2(1.0),21/03/25 11:00:00,Annual,Rate,Total,Total,Mental and behavioural disorders (F00-F99),Cyprus,2022,56.15,,
ESTAT:HLTH_CD_ASDR2(1.0),21/03/25 11:00:00,Annual,Rate,Total,Total,Mental and behavioural disorders (F00-F99),Czechia,2011,13.07,,
ESTAT:HLTH_CD_ASDR2(1.0),21/03/25 11:00:00,Annual,Rate,Total,Total,Mental and behavioural disorders (F00-F99),Czechia,2012,13.08,,
ESTAT:HLTH_CD_ASDR2(1.0),21/03/25 11:00:00,Annual,Rate,Total,Total,Mental and behavioural disorders (F00-F99),Czechia,2013,16.07,,
ESTAT:HLTH_CD_ASDR2(1.0),21/03/25 11:00:00,Annual,Rate,Total,Total,Mental and behavioural disorders (F00-F99),Czechia,2014,15.43,,
ESTAT:HLTH_CD_ASDR2(1.0),21/03/25 11:00:00,Annual,Rate,Total,Total,Mental and behavioural disorders (F00-F99),Czechia,2015,19.07,,
ESTAT:HLTH_CD_ASDR2(1.0),21/03/25 11:00:00,Annual,Rate,Total,Total,Mental and behavioural disorders (F00-F99),Czechia,2016,17.55,,
ESTAT:HLTH_CD_ASDR2(1.0),21/03/25 11:00:00,Annual,Rate,Total,Total,Mental and behavioural disorders (F00-F99),Czechia,2017,21.42,,
ESTAT:HLTH_CD_ASDR2(1.0),21/03/25 11:00:00,Annual,Rate,Total,Total,Mental and behavioural disorders (F00-F99),Czechia,2018,19.94,,
ESTAT:HLTH_CD_ASDR2(1.0),21/03/25 11:00:00,Annual,Rate,Total,Total,Mental and behavioural disorders (F00-F99),Czechia,2019,21.15,,
ESTAT:HLTH_CD_ASDR2(1.0),21/03/25 11:00:00,Annual,Rate,Total,Total,Mental and behavioural disorders (F00-F99),Czechia,2020,23.27,,
ESTAT:HLTH_CD_ASDR2(1.0),21/03/25 11:00:00,Annual,Rate,Total,Total,Mental and behavioural disorders (F00-F99),Czechia,2021,22.95,,
ESTAT:HLTH_CD_ASDR2(1.0),21/03/25 11:00:00,Annual,Rate,Total,Total,Mental and behavioural disorders (F00-F99),Czechia,2022,21.5,,
ESTAT:HLTH_CD_ASDR2(1.0),21/03/25 11:00:00,Annual,Rate,Total,Total,Mental and behavioural disorders (F00-F99),Germany,2011,35.11,,
ESTAT:HLTH_CD_ASDR2(1.0),21/03/25 11:00:00,Annual,Rate,Total,Total,Mental and behavioural disorders (F00-F99),Germany,2012,39.32,,
ESTAT:HLTH_CD_ASDR2(1.0),21/03/25 11:00:00,Annual,Rate,Total,Total,Mental and behavioural disorders (F00-F99),Germany,2013,45.16,,
ESTAT:HLTH_CD_ASDR2(1.0),21/03/25 11:00:00,Annual,Rate,Total,Total,Mental and behavioural disorders (F00-F99),Germany,2014,43.76,,
ESTAT:HLTH_CD_ASDR2(1.0),21/03/25 11:00:00,Annual,Rate,Total,Total,Mental and behavioural disorders (F00-F99),Germany,2015,52.61,,
ESTAT:HLTH_CD_ASDR2(1.0),21/03/25 11:00:00,Annual,Rate,Total,Total,Mental and behavioural disorders (F00-F99),Germany,2016,52.73,,
ESTAT:HLTH_CD_ASDR2(1.0),21/03/25 11:00:00,Annual,Rate,Total,Total,Mental and behavioural disorders (F00-F99),Germany,2017,58.5,,
ESTAT:HLTH_CD_ASDR2(1.0),21/03/25 11:00:00,Annual,Rate,Total,Total,Mental and behavioural disorders (F00-F99),Germany,2018,63.18,,
ESTAT:HLTH_CD_ASDR2(1.0),21/03/25 11:00:00,Annual,Rate,Total,Total,Mental and behavioural disorders (F00-F99),Germany,2019,61.31,,
ESTAT:HLTH_CD_ASDR2(1.0),21/03/25 11:00:00,Annual,Rate,Total,Total,Mental and behavioural disorders (F00-F99),Germany,2020,61.42,,
ESTAT:HLTH_CD_ASDR2(1.0),21/03/25 11:00:00,Annual,Rate,Total,Total,Mental and behavioural disorders (F00-F99),Germany,2021,60.49,,
ESTAT:HLTH_CD_ASDR2(1.0),21/03/25 11:00:00,Annual,Rate,Total,Total,Mental and behavioural disorders (F00-F99),Germany,2022,68.96,,
ESTAT:HLTH_CD_ASDR2(1.0),21/03/25 11:00:00,Annual,Rate,Total,Total,Mental and behavioural disorders (F00-F99),Denmark,2011,66.03,,
ESTAT:HLTH_CD_ASDR2(1.0),21/03/25 11:00:00,Annual,Rate,Total,Total,Mental and behavioural disorders (F00-F99),Denmark,2012,66.84,,
ESTAT:HLTH_CD_ASDR2(1.0),21/03/25 11:00:00,Annual,Rate,Total,Total,Mental and behavioural disorders (F00-F99),Denmark,2013,67.48,,
ESTAT:HLTH_CD_ASDR2(1.0),21/03/25 11:00:00,Annual,Rate,Total,Total,Mental and behavioural disorders (F00-F99),Denmark,2014,66.61,,
ESTAT:HLTH_CD_ASDR2(1.0),21/03/25 11:00:00,Annual,Rate,Total,Total,Mental and behavioural disorders (F00-F99),Denmark,2015,69.97,,
ESTAT:HLTH_CD_ASDR2(1.0),21/03/25 11:00:00,Annual,Rate,Total,Total,Mental and behavioural disorders (F00-F99),Denmark,2016,70.83,,
ESTAT:HLTH_CD_ASDR2(1.0),21/03/25 11:00:00,Annual,Rate,Total,Total,Mental and behavioural disorders (F00-F99),Denmark,2017,71.49,,
ESTAT:HLTH_CD_ASDR2(1.0),21/03/25 11:00:00,Annual,Rate,Total,Total,Mental and behavioural disorders (F00-F99),Denmark,2018,75.08,,
ESTAT:HLTH_CD_ASDR2(1.0),21/03/25 11:00:00,Annual,Rate,Total,Total,Mental and behavioural disorders (F00-F99),Denmark,2019,68.86,,
ESTAT:HLTH_CD_ASDR2(1.0),21/03/25 11:00:00,Annual,Rate,Total,Total,Mental and behavioural disorders (F00-F99),Denmark,2020,64.48,,
ESTAT:HLTH_CD_ASDR2(1.0),21/03/25 11:00:00,Annual,Rate,Total,Total,Mental and behavioural disorders (F00-F99),Denmark,2021,69.12,,
ESTAT:HLTH_CD_ASDR2(1.0),21/03/25 11:00:00,Annual,Rate,Total,Total,Mental and behavioural disorders (F00-F99),Denmark,2022,70.42,,
ESTAT:HLTH_CD_ASDR2(1.0),21/03/25 11:00:00,Annual,Rate,Total,Total,Mental and behavioural disorders (F00-F99),Estonia,2011,10.12,,
ESTAT:HLTH_CD_ASDR2(1.0),21/03/25 11:00:00,Annual,Rate,Total,Total,Mental and behavioural disorders (F00-F99),Estonia,2012,11.26,,
ESTAT:HLTH_CD_ASDR2(1.0),21/03/25 11:00:00,Annual,Rate,Total,Total,Mental and behavioural disorders (F00-F99),Estonia,2013,8.71,,
ESTAT:HLTH_CD_ASDR2(1.0),21/03/25 11:00:00,Annual,Rate,Total,Total,Mental and behavioural disorders (F00-F99),Estonia,2014,8.35,,
ESTAT:HLTH_CD_ASDR2(1.0),21/03/25 11:00:00,Annual,Rate,Total,Total,Mental and behavioural disorders (F00-F99),Estonia,2015,8.32,,
ESTAT:HLTH_CD_ASDR2(1.0),21/03/25 11:00:00,Annual,Rate,Total,Total,Mental and behavioural disorders (F00-F99),Estonia,2016,8.98,,
ESTAT:HLTH_CD_ASDR2(1.0),21/03/25 11:00:00,Annual,Rate,Total,Total,Mental and behavioural disorders (F00-F99),Estonia,2017,11.7,,
ESTAT:HLTH_CD_ASDR2(1.0),21/03/25 11:00:00,Annual,Rate,Total,Total,Mental and behavioural disorders (F00-F99),Estonia,2018,10.77,,
ESTAT:HLTH_CD_ASDR2(1.0),21/03/25 11:00:00,Annual,Rate,Total,Total,Mental and behavioural disorders (F00-F99),Estonia,2019,12.96,,
ESTAT:HLTH_CD_ASDR2(1.0),21/03/25 11:00:00,Annual,Rate,Total,Total,Mental and behavioural disorders (F00-F99),Estonia,2020,13.37,,
ESTAT:HLTH_CD_ASDR2(1.0),21/03/25 11:00:00,Annual,Rate,Total,Total,Mental and behavioural disorders (F00-F99),Estonia,2021,15.97,,
ESTAT:HLTH_CD_ASDR2(1.0),21/03/25 11:00:00,Annual,Rate,Total,Total,Mental and behavioural disorders (F00-F99),Estonia,2022,15.77,,
ESTAT:HLTH_CD_ASDR2(1.0),21/03/25 11:00:00,Annual,Rate,Total,Total,Mental and behavioural disorders (F00-F99),Greece,2011,1.11,,
ESTAT:HLTH_CD_ASDR2(1.0),21/03/25 11:00:00,Annual,Rate,Total,Total,Mental and behavioural disorders (F00-F99),Greece,2012,1.11,,
ESTAT:HLTH_CD_ASDR2(1.0),21/03/25 11:00:00,Annual,Rate,Total,Total,Mental and behavioural disorders (F00-F99),Greece,2013,1.17,,
ESTAT:HLTH_CD_ASDR2(1.0),21/03/25 11:00:00,Annual,Rate,Total,Total,Mental and behavioural disorders (F00-F99),Greece,2014,5.13,,
ESTAT:HLTH_CD_ASDR2(1.0),21/03/25 11:00:00,Annual,Rate,Total,Total,Mental and behavioural disorders (F00-F99),Greece,2015,9.09,,
ESTAT:HLTH_CD_ASDR2(1.0),21/03/25 11:00:00,Annual,Rate,Total,Total,Mental and behavioural disorders (F00-F99),Greece,2016,10.72,,
ESTAT:HLTH_CD_ASDR2(1.0),21/03/25 11:00:00,Annual,Rate,Total,Total,Mental and behavioural disorders (F00-F99),Greece,2017,13.69,,
ESTAT:HLTH_CD_ASDR2(1.0),21/03/25 11:00:00,Annual,Rate,Total,Total,Mental and behavioural disorders (F00-F99),Greece,2018,14.44,,
ESTAT:HLTH_CD_ASDR2(1.0),21/03/25 11:00:00,Annual,Rate,Total,Total,Mental and behavioural disorders (F00-F99),Greece,2019,16.25,,
ESTAT:HLTH_CD_ASDR2(1.0),21/03/25 11:00:00,Annual,Rate,Total,Total,Mental and behavioural disorders (F00-F99),Greece,2020,19.24,,
ESTAT:HLTH_CD_ASDR2(1.0),21/03/25 11:00:00,Annual,Rate,Total,Total,Mental and behavioural disorders (F00-F99),Greece,2021,23.62,,
ESTAT:HLTH_CD_ASDR2(1.0),21/03/25 11:00:00,Annual,Rate,Total,Total,Mental and behavioural disorders (F00-F99),Greece,2022,24.74,,
ESTAT:HLTH_CD_ASDR2(1.0),21/03/25 11:00:00,Annual,Rate,Total,Total,Mental and behavioural disorders (F00-F99),Spain,2011,35.67,,
ESTAT:HLTH_CD_ASDR2(1.0),21/03/25 11:00:00,Annual,Rate,Total,Total,Mental and behavioural disorders (F00-F99),Spain,2012,38.43,,
ESTAT:HLTH_CD_ASDR2(1.0),21/03/25 11:00:00,Annual,Rate,Total,Total,Mental and behavioural disorders (F00-F99),Spain,2013,36.58,,
ESTAT:HLTH_CD_ASDR2(1.0),21/03/25 11:00:00,Annual,Rate,Total,Total,Mental and behavioural disorders (F00-F99),Spain,2014,38.66,,
ESTAT:HLTH_CD_ASDR2(1.0),21/03/25 11:00:00,Annual,Rate,Total,Total,Mental and behavioural disorders (F00-F99),Spain,2015,42.77,,
ESTAT:HLTH_CD_ASDR2(1.0),21/03/25 11:00:00,Annual,Rate,Total,Total,Mental and behavioural disorders (F00-F99),Spain,2016,40.74,,
ESTAT:HLTH_CD_ASDR2(1.0),21/03/25 11:00:00,Annual,Rate,Total,Total,Mental and behavioural disorders (F00-F99),Spain,2017,40.78,,
ESTAT:HLTH_CD_ASDR2(1.0),21/03/25 11:00:00,Annual,Rate,Total,Total,Mental and behavioural disorders (F00-F99),Spain,2018,40.89,,
ESTAT:HLTH_CD_ASDR2(1.0),21/03/25 11:00:00,Annual,Rate,Total,Total,Mental and behavioural disorders (F00-F99),Spain,2019,40.66,,
ESTAT:HLTH_CD_ASDR2(1.0),21/03/25 11:00:00,Annual,Rate,Total,Total,Mental and behavioural disorders (F00-F99),Spain,2020,37.88,,
ESTAT:HLTH_CD_ASDR2(1.0),21/03/25 11:00:00,Annual,Rate,Total,Total,Mental and behavioural disorders (F00-F99),Spain,2021,35.1,,
ESTAT:HLTH_CD_ASDR2(1.0),21/03/25 11:00:00,Annual,Rate,Total,Total,Mental and behavioural disorders (F00-F99),Spain,2022,38.43,,
ESTAT:HLTH_CD_ASDR2(1.0),21/03/25 11:00:00,Annual,Rate,Total,Total,Mental and behavioural disorders (F00-F99),Finland,2011,46.93,,
ESTAT:HLTH_CD_ASDR2(1.0),21/03/25 11:00:00,Annual,Rate,Total,Total,Mental and behavioural disorders (F00-F99),Finland,2012,50.65,,
ESTAT:HLTH_CD_ASDR2(1.0),21/03/25 11:00:00,Annual,Rate,Total,Total,Mental and behavioural disorders (F00-F99),Finland,2013,48.65,,
ESTAT:HLTH_CD_ASDR2(1.0),21/03/25 11:00:00,Annual,Rate,Total,Total,Mental and behavioural disorders (F00-F99),Finland,2014,47.54,,
ESTAT:HLTH_CD_ASDR2(1.0),21/03/25 11:00:00,Annual,Rate,Total,Total,Mental and behavioural disorders (F00-F99),Finland,2015,46.73,,
ESTAT:HLTH_CD_ASDR2(1.0),21/03/25 11:00:00,Annual,Rate,Total,Total,Mental and behavioural disorders (F00-F99),Finland,2016,46.07,,
ESTAT:HLTH_CD_ASDR2(1.0),21/03/25 11:00:00,Annual,Rate,Total,Total,Mental and behavioural disorders (F00-F99),Finland,2017,43.75,,
ESTAT:HLTH_CD_ASDR2(1.0),21/03/25 11:00:00,Annual,Rate,Total,Total,Mental and behavioural disorders (F00-F99),Finland,2018,47.86,,
ESTAT:HLTH_CD_ASDR2(1.0),21/03/25 11:00:00,Annual,Rate,Total,Total,Mental and behavioural disorders (F00-F99),Finland,2019,45.78,,
ESTAT:HLTH_CD_ASDR2(1.0),21/03/25 11:00:00,Annual,Rate,Total,Total,Mental and behavioural disorders (F00-F99),Finland,2020,45.54,,
ESTAT:HLTH_CD_ASDR2(1.0),21/03/25 11:00:00,Annual,Rate,Total,Total,Mental and behavioural disorders (F00-F99),Finland,2021,50.24,,
ESTAT:HLTH_CD_ASDR2(1.0),21/03/25 11:00:00,Annual,Rate,Total,Total,Mental and behavioural disorders (F00-F99),Finland,2022,53.78,,
ESTAT:HLTH_CD_ASDR2(1.0),21/03/25 11:00:00,Annual,Rate,Total,Total,Mental and behavioural disorders (F00-F99),France,2011,30.65,,
ESTAT:HLTH_CD_ASDR2(1.0),21/03/25 11:00:00,Annual,Rate,Total,Total,Mental and behavioural disorders (F00-F99),France,2012,33.55,,
ESTAT:HLTH_CD_ASDR2(1.0),21/03/25 11:00:00,Annual,Rate,Total,Total,Mental and behavioural disorders (F00-F99),France,2013,33.66,,
ESTAT:HLTH_CD_ASDR2(1.0),21/03/25 11:00:00,Annual,Rate,Total,Total,Mental and behavioural disorders (F00-F99),France,2014,32.37,,
ESTAT:HLTH_CD_ASDR2(1.0),21/03/25 11:00:00,Annual,Rate,Total,Total,Mental and behavioural disorders (F00-F99),France,2015,35.4,,
ESTAT:HLTH_CD_ASDR2(1.0),21/03/25 11:00:00,Annual,Rate,Total,Total,Mental and behavioural disorders (F00-F99),France,2016,34.81,,
ESTAT:HLTH_CD_ASDR2(1.0),21/03/25 11:00:00,Annual,Rate,Total,Total,Mental and behavioural disorders (F00-F99),France,2017,33.58,,
ESTAT:HLTH_CD_ASDR2(1.0),21/03/25 11:00:00,Annual,Rate,Total,Total,Mental and behavioural disorders (F00-F99),France,2018,35.41,,
ESTAT:HLTH_CD_ASDR2(1.0),21/03/25 11:00:00,Annual,Rate,Total,Total,Mental and behavioural disorders (F00-F99),France,2019,34.44,,
ESTAT:HLTH_CD_ASDR2(1.0),21/03/25 11:00:00,Annual,Rate,Total,Total,Mental and behavioural disorders (F00-F99),France,2020,30.89,,
ESTAT:HLTH_CD_ASDR2(1.0),21/03/25 11:00:00,Annual,Rate,Total,Total,Mental and behavioural disorders (F00-F99),France,2021,29.52,,
ESTAT:HLTH_CD_ASDR2(1.0),21/03/25 11:00:00,Annual,Rate,Total,Total,Mental and behavioural disorders (F00-F99),France,2022,30.9,,
ESTAT:HLTH_CD_ASDR2(1.0),21/03/25 11:00:00,Annual,Rate,Total,Total,Mental and behavioural disorders (F00-F99),Croatia,2011,33.11,,
ESTAT:HLTH_CD_ASDR2(1.0),21/03/25 11:00:00,Annual,Rate,Total,Total,Mental and behavioural disorders (F00-F99),Croatia,2012,34.28,d,
ESTAT:HLTH_CD_ASDR2(1.0),21/03/25 11:00:00,Annual,Rate,Total,Total,Mental and behavioural disorders (F00-F99),Croatia,2013,32.63,d,
ESTAT:HLTH_CD_ASDR2(1.0),21/03/25 11:00:00,Annual,Rate,Total,Total,Mental and behavioural disorders (F00-F99),Croatia,2014,33.69,,
ESTAT:HLTH_CD_ASDR2(1.0),21/03/25 11:00:00,Annual,Rate,Total,Total,Mental and behavioural disorders (F00-F99),Croatia,2015,37.99,,
ESTAT:HLTH_CD_ASDR2(1.0),21/03/25 11:00:00,Annual,Rate,Total,Total,Mental and behavioural disorders (F00-F99),Croatia,2016,30.57,,
ESTAT:HLTH_CD_ASDR2(1.0),21/03/25 11:00:00,Annual,Rate,Total,Total,Mental and behavioural disorders (F00-F99),Croatia,2017,32.98,,
ESTAT:HLTH_CD_ASDR2(1.0),21/03/25 11:00:00,Annual,Rate,Total,Total,Mental and behavioural disorders (F00-F99),Croatia,2018,33.67,,
ESTAT:HLTH_CD_ASDR2(1.0),21/03/25 11:00:00,Annual,Rate,Total,Total,Mental and behavioural disorders (F00-F99),Croatia,2019,35.17,,
ESTAT:HLTH_CD_ASDR2(1.0),21/03/25 11:00:00,Annual,Rate,Total,Total,Mental and behavioural disorders (F00-F99),Croatia,2020,32.46,,
ESTAT:HLTH_CD_ASDR2(1.0),21/03/25 11:00:00,Annual,Rate,Total,Total,Mental and behavioural disorders (F00-F99),Croatia,2021,44.61,,
ESTAT:HLTH_CD_ASDR2(1.0),21/03/25 11:00:00,Annual,Rate,Total,Total,Mental and behavioural disorders (F00-F99),Croatia,2022,52.16,,
ESTAT:HLTH_CD_ASDR2(1.0),21/03/25 11:00:00,Annual,Rate,Total,Total,Mental and behavioural disorders (F00-F99),Hungary,2011,35.76,d,
ESTAT:HLTH_CD_ASDR2(1.0),21/03/25 11:00:00,Annual,Rate,Total,Total,Mental and behavioural disorders (F00-F99),Hungary,2012,38.8,d,
ESTAT:HLTH_CD_ASDR2(1.0),21/03/25 11:00:00,Annual,Rate,Total,Total,Mental and behavioural disorders (F00-F99),Hungary,2013,39.63,d,
ESTAT:HLTH_CD_ASDR2(1.0),21/03/25 11:00:00,Annual,Rate,Total,Total,Mental and behavioural disorders (F00-F99),Hungary,2014,39.37,,
ESTAT:HLTH_CD_ASDR2(1.0),21/03/25 11:00:00,Annual,Rate,Total,Total,Mental and behavioural disorders (F00-F99),Hungary,2015,43.59,,
ESTAT:HLTH_CD_ASDR2(1.0),21/03/25 11:00:00,Annual,Rate,Total,Total,Mental and behavioural disorders (F00-F99),Hungary,2016,40.45,,
ESTAT:HLTH_CD_ASDR2(1.0),21/03/25 11:00:00,Annual,Rate,Total,Total,Mental and behavioural disorders (F00-F99),Hungary,2017,45.49,,
ESTAT:HLTH_CD_ASDR2(1.0),21/03/25 11:00:00,Annual,Rate,Total,Total,Mental and behavioural disorders (F00-F99),Hungary,2018,47.42,,
ESTAT:HLTH_CD_ASDR2(1.0),21/03/25 11:00:00,Annual,Rate,Total,Total,Mental and behavioural disorders (F00-F99),Hungary,2019,52.14,,
ESTAT:HLTH_CD_ASDR2(1.0),21/03/25 11:00:00,Annual,Rate,Total,Total,Mental and behavioural disorders (F00-F99),Hungary,2020,52.41,,
ESTAT:HLTH_CD_ASDR2(1.0),21/03/25 11:00:00,Annual,Rate,Total,Total,Mental and behavioural disorders (F00-F99),Hungary,2021,47.49,,
ESTAT:HLTH_CD_ASDR2(1.0),21/03/25 11:00:00,Annual,Rate,Total,Total,Mental and behavioural disorders (F00-F99),Hungary,2022,51.47,,
ESTAT:HLTH_CD_ASDR2(1.0),21/03/25 11:00:00,Annual,Rate,Total,Total,Mental and behavioural disorders (F00-F99),Ireland,2011,33.55,,
ESTAT:HLTH_CD_ASDR2(1.0),21/03/25 11:00:00,Annual,Rate,Total,Total,Mental and behavioural disorders (F00-F99),Ireland,2012,40.15,,
ESTAT:HLTH_CD_ASDR2(1.0),21/03/25 11:00:00,Annual,Rate,Total,Total,Mental and behavioural disorders (F00-F99),Ireland,2013,48.78,,
ESTAT:HLTH_CD_ASDR2(1.0),21/03/25 11:00:00,Annual,Rate,Total,Total,Mental and behavioural disorders (F00-F99),Ireland,2014,52.47,,
ESTAT:HLTH_CD_ASDR2(1.0),21/03/25 11:00:00,Annual,Rate,Total,Total,Mental and behavioural disorders (F00-F99),Ireland,2015,58.13,,
ESTAT:HLTH_CD_ASDR2(1.0),21/03/25 11:00:00,Annual,Rate,Total,Total,Mental and behavioural disorders (F00-F99),Ireland,2016,60.42,,
ESTAT:HLTH_CD_ASDR2(1.0),21/03/25 11:00:00,Annual,Rate,Total,Total,Mental and behavioural disorders (F00-F99),Ireland,2017,60.37,,
ESTAT:HLTH_CD_ASDR2(1.0),21/03/25 11:00:00,Annual,Rate,Total,Total,Mental and behavioural disorders (F00-F99),Ireland,2018,63.42,,
ESTAT:HLTH_CD_ASDR2(1.0),21/03/25 11:00:00,Annual,Rate,Total,Total,Mental and behavioural disorders (F00-F99),Ireland,2019,60.29,,
ESTAT:HLTH_CD_ASDR2(1.0),21/03/25 11:00:00,Annual,Rate,Total,Total,Mental and behavioural disorders (F00-F99),Ireland,2020,51.83,,
ESTAT:HLTH_CD_ASDR2(1.0),21/03/25 11:00:00,Annual,Rate,Total,Total,Mental and behavioural disorders (F00-F99),Ireland,2021,53.22,,
ESTAT:HLTH_CD_ASDR2(1.0),21/03/25 11:00:00,Annual,Rate,Total,Total,Mental and behavioural disorders (F00-F99),Ireland,2022,58.87,,
ESTAT:HLTH_CD_ASDR2(1.0),21/03/25 11:00:00,Annual,Rate,Total,Total,Mental and behavioural disorders (F00-F99),Iceland,2011,30.48,,
ESTAT:HLTH_CD_ASDR2(1.0),21/03/25 11:00:00,Annual,Rate,Total,Total,Mental and behavioural disorders (F00-F99),Iceland,2012,28.18,,
ESTAT:HLTH_CD_ASDR2(1.0),21/03/25 11:00:00,Annual,Rate,Total,Total,Mental and behavioural disorders (F00-F99),Iceland,2013,33,,
ESTAT:HLTH_CD_ASDR2(1.0),21/03/25 11:00:00,Annual,Rate,Total,Total,Mental and behavioural disorders (F00-F99),Iceland,2014,37.35,,
ESTAT:HLTH_CD_ASDR2(1.0),21/03/25 11:00:00,Annual,Rate,Total,Total,Mental and behavioural disorders (F00-F99),Iceland,2015,34.22,,
ESTAT:HLTH_CD_ASDR2(1.0),21/03/25 11:00:00,Annual,Rate,Total,Total,Mental and behavioural disorders (F00-F99),Iceland,2016,27.63,,
ESTAT:HLTH_CD_ASDR2(1.0),21/03/25 11:00:00,Annual,Rate,Total,Total,Mental and behavioural disorders (F00-F99),Iceland,2017,34.55,,
ESTAT:HLTH_CD_ASDR2(1.0),21/03/25 11:00:00,Annual,Rate,Total,Total,Mental and behavioural disorders (F00-F99),Iceland,2018,38.6,,
ESTAT:HLTH_CD_ASDR2(1.0),21/03/25 11:00:00,Annual,Rate,Total,Total,Mental and behavioural disorders (F00-F99),Iceland,2019,41.81,,
ESTAT:HLTH_CD_ASDR2(1.0),21/03/25 11:00:00,Annual,Rate,Total,Total,Mental and behavioural disorders (F00-F99),Iceland,2020,41.18,,
ESTAT:HLTH_CD_ASDR2(1.0),21/03/25 11:00:00,Annual,Rate,Total,Total,Mental and behavioural disorders (F00-F99),Iceland,2021,41.24,,
ESTAT:HLTH_CD_ASDR2(1.0),21/03/25 11:00:00,Annual,Rate,Total,Total,Mental and behavioural disorders (F00-F99),Iceland,2022,40.75,,
ESTAT:HLTH_CD_ASDR2(1.0),21/03/25 11:00:00,Annual,Rate,Total,Total,Mental and behavioural disorders (F00-F99),Italy,2011,24.85,,
ESTAT:HLTH_CD_ASDR2(1.0),21/03/25 11:00:00,Annual,Rate,Total,Total,Mental and behavioural disorders (F00-F99),Italy,2012,25.93,,
ESTAT:HLTH_CD_ASDR2(1.0),21/03/25 11:00:00,Annual,Rate,Total,Total,Mental and behavioural disorders (F00-F99),Italy,2013,25.18,,
ESTAT:HLTH_CD_ASDR2(1.0),21/03/25 11:00:00,Annual,Rate,Total,Total,Mental and behavioural disorders (F00-F99),Italy,2014,24.66,,
ESTAT:HLTH_CD_ASDR2(1.0),21/03/25 11:00:00,Annual,Rate,Total,Total,Mental and behavioural disorders (F00-F99),Italy,2015,29.07,,
ESTAT:HLTH_CD_ASDR2(1.0),21/03/25 11:00:00,Annual,Rate,Total,Total,Mental and behavioural disorders (F00-F99),Italy,2016,28.34,,
ESTAT:HLTH_CD_ASDR2(1.0),21/03/25 11:00:00,Annual,Rate,Total,Total,Mental and behavioural disorders (F00-F99),Italy,2017,31.23,,
ESTAT:HLTH_CD_ASDR2(1.0),21/03/25 11:00:00,Annual,Rate,Total,Total,Mental and behavioural disorders (F00-F99),Italy,2018,30.89,,
ESTAT:HLTH_CD_ASDR2(1.0),21/03/25 11:00:00,Annual,Rate,Total,Total,Mental and behavioural disorders (F00-F99),Italy,2019,31.98,,
ESTAT:HLTH_CD_ASDR2(1.0),21/03/25 11:00:00,Annual,Rate,Total,Total,Mental and behavioural disorders (F00-F99),Italy,2020,32.59,,
ESTAT:HLTH_CD_ASDR2(1.0),21/03/25 11:00:00,Annual,Rate,Total,Total,Mental and behavioural disorders (F00-F99),Italy,2021,30.22,,
ESTAT:HLTH_CD_ASDR2(1.0),21/03/25 11:00:00,Annual,Rate,Total,Total,Mental and behavioural disorders (F00-F99),Italy,2022,33.32,,
ESTAT:HLTH_CD_ASDR2(1.0),21/03/25 11:00:00,Annual,Rate,Total,Total,Mental and behavioural disorders (F00-F99),Liechtenstein,2011,14.25,,
ESTAT:HLTH_CD_ASDR2(1.0),21/03/25 11:00:00,Annual,Rate,Total,Total,Mental and behavioural disorders (F00-F99),Liechtenstein,2012,10.63,,
ESTAT:HLTH_CD_ASDR2(1.0),21/03/25 11:00:00,Annual,Rate,Total,Total,Mental and behavioural disorders (F00-F99),Liechtenstein,2013,8.43,,
ESTAT:HLTH_CD_ASDR2(1.0),21/03/25 11:00:00,Annual,Rate,Total,Total,Mental and behavioural disorders (F00-F99),Liechtenstein,2014,12.72,,
ESTAT:HLTH_CD_ASDR2(1.0),21/03/25 11:00:00,Annual,Rate,Total,Total,Mental and behavioural disorders (F00-F99),Liechtenstein,2015,11.61,,
ESTAT:HLTH_CD_ASDR2(1.0),21/03/25 11:00:00,Annual,Rate,Total,Total,Mental and behavioural disorders (F00-F99),Liechtenstein,2016,12.43,,
ESTAT:HLTH_CD_ASDR2(1.0),21/03/25 11:00:00,Annual,Rate,Total,Total,Mental and behavioural disorders (F00-F99),Liechtenstein,2017,8.15,,
ESTAT:HLTH_CD_ASDR2(1.0),21/03/25 11:00:00,Annual,Rate,Total,Total,Mental and behavioural disorders (F00-F99),Liechtenstein,2018,16.99,,
ESTAT:HLTH_CD_ASDR2(1.0),21/03/25 11:00:00,Annual,Rate,Total,Total,Mental and behavioural disorders (F00-F99),Liechtenstein,2019,8.12,,
ESTAT:HLTH_CD_ASDR2(1.0),21/03/25 11:00:00,Annual,Rate,Total,Total,Mental and behavioural disorders (F00-F99),Liechtenstein,2020,59.88,,
ESTAT:HLTH_CD_ASDR2(1.0),21/03/25 11:00:00,Annual,Rate,Total,Total,Mental and behavioural disorders (F00-F99),Liechtenstein,2021,58.92,,
ESTAT:HLTH_CD_ASDR2(1.0),21/03/25 11:00:00,Annual,Rate,Total,Total,Mental and behavioural disorders (F00-F99),Liechtenstein,2022,57.09,,
ESTAT:HLTH_CD_ASDR2(1.0),21/03/25 11:00:00,Annual,Rate,Total,Total,Mental and behavioural disorders (F00-F99),Lithuania,2011,2.83,,
ESTAT:HLTH_CD_ASDR2(1.0),21/03/25 11:00:00,Annual,Rate,Total,Total,Mental and behavioural disorders (F00-F99),Lithuania,2012,4.12,,
ESTAT:HLTH_CD_ASDR2(1.0),21/03/25 11:00:00,Annual,Rate,Total,Total,Mental and behavioural disorders (F00-F99),Lithuania,2013,4.12,,
ESTAT:HLTH_CD_ASDR2(1.0),21/03/25 11:00:00,Annual,Rate,Total,Total,Mental and behavioural disorders (F00-F99),Lithuania,2014,4.36,,
ESTAT:HLTH_CD_ASDR2(1.0),21/03/25 11:00:00,Annual,Rate,Total,Total,Mental and behavioural disorders (F00-F99),Lithuania,2015,4.47,,
ESTAT:HLTH_CD_ASDR2(1.0),21/03/25 11:00:00,Annual,Rate,Total,Total,Mental and behavioural disorders (F00-F99),Lithuania,2016,5.86,,
ESTAT:HLTH_CD_ASDR2(1.0),21/03/25 11:00:00,Annual,Rate,Total,Total,Mental and behavioural disorders (F00-F99),Lithuania,2017,10.47,,
ESTAT:HLTH_CD_ASDR2(1.0),21/03/25 11:00:00,Annual,Rate,Total,Total,Mental and behavioural disorders (F00-F99),Lithuania,2018,9.85,,
ESTAT:HLTH_CD_ASDR2(1.0),21/03/25 11:00:00,Annual,Rate,Total,Total,Mental and behavioural disorders (F00-F99),Lithuania,2019,10.8,,
ESTAT:HLTH_CD_ASDR2(1.0),21/03/25 11:00:00,Annual,Rate,Total,Total,Mental and behavioural disorders (F00-F99),Lithuania,2020,13.25,,
ESTAT:HLTH_CD_ASDR2(1.0),21/03/25 11:00:00,Annual,Rate,Total,Total,Mental and behavioural disorders (F00-F99),Lithuania,2021,15.49,,
ESTAT:HLTH_CD_ASDR2(1.0),21/03/25 11:00:00,Annual,Rate,Total,Total,Mental and behavioural disorders (F00-F99),Lithuania,2022,17,,
ESTAT:HLTH_CD_ASDR2(1.0),21/03/25 11:00:00,Annual,Rate,Total,Total,Mental and behavioural disorders (F00-F99),Luxembourg,2011,29.25,,
ESTAT:HLTH_CD_ASDR2(1.0),21/03/25 11:00:00,Annual,Rate,Total,Total,Mental and behavioural disorders (F00-F99),Luxembourg,2012,45.34,,
ESTAT:HLTH_CD_ASDR2(1.0),21/03/25 11:00:00,Annual,Rate,Total,Total,Mental and behavioural disorders (F00-F99),Luxembourg,2013,48.93,,
ESTAT:HLTH_CD_ASDR2(1.0),21/03/25 11:00:00,Annual,Rate,Total,Total,Mental and behavioural disorders (F00-F99),Luxembourg,2014,47.2,,
ESTAT:HLTH_CD_ASDR2(1.0),21/03/25 11:00:00,Annual,Rate,Total,Total,Mental and behavioural disorders (F00-F99),Luxembourg,2015,56.66,,
ESTAT:HLTH_CD_ASDR2(1.0),21/03/25 11:00:00,Annual,Rate,Total,Total,Mental and behavioural disorders (F00-F99),Luxembourg,2016,53.83,,
ESTAT:HLTH_CD_ASDR2(1.0),21/03/25 11:00:00,Annual,Rate,Total,Total,Mental and behavioural disorders (F00-F99),Luxembourg,2017,50.05,,
ESTAT:HLTH_CD_ASDR2(1.0),21/03/25 11:00:00,Annual,Rate,Total,Total,Mental and behavioural disorders (F00-F99),Luxembourg,2018,62.93,,
ESTAT:HLTH_CD_ASDR2(1.0),21/03/25 11:00:00,Annual,Rate,Total,Total,Mental and behavioural disorders (F00-F99),Luxembourg,2019,54.19,,
ESTAT:HLTH_CD_ASDR2(1.0),21/03/25 11:00:00,Annual,Rate,Total,Total,Mental and behavioural disorders (F00-F99),Luxembourg,2020,58.55,,
ESTAT:HLTH_CD_ASDR2(1.0),21/03/25 11:00:00,Annual,Rate,Total,Total,Mental and behavioural disorders (F00-F99),Luxembourg,2021,61.16,,
ESTAT:HLTH_CD_ASDR2(1.0),21/03/25 11:00:00,Annual,Rate,Total,Total,Mental and behavioural disorders (F00-F99),Luxembourg,2022,54.61,,
ESTAT:HLTH_CD_ASDR2(1.0),21/03/25 11:00:00,Annual,Rate,Total,Total,Mental and behavioural disorders (F00-F99),Latvia,2011,16.62,,
ESTAT:HLTH_CD_ASDR2(1.0),21/03/25 11:00:00,Annual,Rate,Total,Total,Mental and behavioural disorders (F00-F99),Latvia,2012,16.55,,
ESTAT:HLTH_CD_ASDR2(1.0),21/03/25 11:00:00,Annual,Rate,Total,Total,Mental and behavioural disorders (F00-F99),Latvia,2013,19.42,,
ESTAT:HLTH_CD_ASDR2(1.0),21/03/25 11:00:00,Annual,Rate,Total,Total,Mental and behavioural disorders (F00-F99),Latvia,2014,16.73,,
ESTAT:HLTH_CD_ASDR2(1.0),21/03/25 11:00:00,Annual,Rate,Total,Total,Mental and behavioural disorders (F00-F99),Latvia,2015,22.57,,
ESTAT:HLTH_CD_ASDR2(1.0),21/03/25 11:00:00,Annual,Rate,Total,Total,Mental and behavioural disorders (F00-F99),Latvia,2016,24.54,,
ESTAT:HLTH_CD_ASDR2(1.0),21/03/25 11:00:00,Annual,Rate,Total,Total,Mental and behavioural disorders (F00-F99),Latvia,2017,28.64,,
ESTAT:HLTH_CD_ASDR2(1.0),21/03/25 11:00:00,Annual,Rate,Total,Total,Mental and behavioural disorders (F00-F99),Latvia,2018,33.54,,
ESTAT:HLTH_CD_ASDR2(1.0),21/03/25 11:00:00,Annual,Rate,Total,Total,Mental and behavioural disorders (F00-F99),Latvia,2019,30.03,,
ESTAT:HLTH_CD_ASDR2(1.0),21/03/25 11:00:00,Annual,Rate,Total,Total,Mental and behavioural disorders (F00-F99),Latvia,2020,34.79,,
ESTAT:HLTH_CD_ASDR2(1.0),21/03/25 11:00:00,Annual,Rate,Total,Total,Mental and behavioural disorders (F00-F99),Latvia,2021,40.49,,
ESTAT:HLTH_CD_ASDR2(1.0),21/03/25 11:00:00,Annual,Rate,Total,Total,Mental and behavioural disorders (F00-F99),Latvia,2022,30.57,,
ESTAT:HLTH_CD_ASDR2(1.0),21/03/25 11:00:00,Annual,Rate,Total,Total,Mental and behavioural disorders (F00-F99),Malta,2011,52.41,,
ESTAT:HLTH_CD_ASDR2(1.0),21/03/25 11:00:00,Annual,Rate,Total,Total,Mental and behavioural disorders (F00-F99),Malta,2012,32.16,,
ESTAT:HLTH_CD_ASDR2(1.0),21/03/25 11:00:00,Annual,Rate,Total,Total,Mental and behavioural disorders (F00-F99),Malta,2013,41.9,,
ESTAT:HLTH_CD_ASDR2(1.0),21/03/25 11:00:00,Annual,Rate,Total,Total,Mental and behavioural disorders (F00-F99),Malta,2014,43.35,,
ESTAT:HLTH_CD_ASDR2(1.0),21/03/25 11:00:00,Annual,Rate,Total,Total,Mental and behavioural disorders (F00-F99),Malta,2015,43.27,,
ESTAT:HLTH_CD_ASDR2(1.0),21/03/25 11:00:00,Annual,Rate,Total,Total,Mental and behavioural disorders (F00-F99),Malta,2016,47.79,,
ESTAT:HLTH_CD_ASDR2(1.0),21/03/25 11:00:00,Annual,Rate,Total,Total,Mental and behavioural disorders (F00-F99),Malta,2017,55.57,,
ESTAT:HLTH_CD_ASDR2(1.0),21/03/25 11:00:00,Annual,Rate,Total,Total,Mental and behavioural disorders (F00-F99),Malta,2018,71.96,,
ESTAT:HLTH_CD_ASDR2(1.0),21/03/25 11:00:00,Annual,Rate,Total,Total,Mental and behavioural disorders (F00-F99),Malta,2019,60.37,,
ESTAT:HLTH_CD_ASDR2(1.0),21/03/25 11:00:00,Annual,Rate,Total,Total,Mental and behavioural disorders (F00-F99),Malta,2020,81.06,,
ESTAT:HLTH_CD_ASDR2(1.0),21/03/25 11:00:00,Annual,Rate,Total,Total,Mental and behavioural disorders (F00-F99),Malta,2021,78.79,,
ESTAT:HLTH_CD_ASDR2(1.0),21/03/25 11:00:00,Annual,Rate,Total,Total,Mental and behavioural disorders (F00-F99),Malta,2022,80.78,,
ESTAT:HLTH_CD_ASDR2(1.0),21/03/25 11:00:00,Annual,Rate,Total,Total,Mental and behavioural disorders (F00-F99),Netherlands,2011,61.8,,
ESTAT:HLTH_CD_ASDR2(1.0),21/03/25 11:00:00,Annual,Rate,Total,Total,Mental and behavioural disorders (F00-F99),Netherlands,2012,67.89,,
ESTAT:HLTH_CD_ASDR2(1.0),21/03/25 11:00:00,Annual,Rate,Total,Total,Mental and behavioural disorders (F00-F99),Netherlands,2013,79.87,,
ESTAT:HLTH_CD_ASDR2(1.0),21/03/25 11:00:00,Annual,Rate,Total,Total,Mental and behavioural disorders (F00-F99),Netherlands,2014,75.87,,
ESTAT:HLTH_CD_ASDR2(1.0),21/03/25 11:00:00,Annual,Rate,Total,Total,Mental and behavioural disorders (F00-F99),Netherlands,2015,82.5,,
ESTAT:HLTH_CD_ASDR2(1.0),21/03/25 11:00:00,Annual,Rate,Total,Total,Mental and behavioural disorders (F00-F99),Netherlands,2016,84.04,,
ESTAT:HLTH_CD_ASDR2(1.0),21/03/25 11:00:00,Annual,Rate,Total,Total,Mental and behavioural disorders (F00-F99),Netherlands,2017,86.8,,
ESTAT:HLTH_CD_ASDR2(1.0),21/03/25 11:00:00,Annual,Rate,Total,Total,Mental and behavioural disorders (F00-F99),Netherlands,2018,87.7,,
ESTAT:HLTH_CD_ASDR2(1.0),21/03/25 11:00:00,Annual,Rate,Total,Total,Mental and behavioural disorders (F00-F99),Netherlands,2019,83.99,,
ESTAT:HLTH_CD_ASDR2(1.0),21/03/25 11:00:00,Annual,Rate,Total,Total,Mental and behavioural disorders (F00-F99),Netherlands,2020,75.12,,
ESTAT:HLTH_CD_ASDR2(1.0),21/03/25 11:00:00,Annual,Rate,Total,Total,Mental and behavioural disorders (F00-F99),Netherlands,2021,74.55,,
ESTAT:HLTH_CD_ASDR2(1.0),21/03/25 11:00:00,Annual,Rate,Total,Total,Mental and behavioural disorders (F00-F99),Netherlands,2022,81.1,,
ESTAT:HLTH_CD_ASDR2(1.0),21/03/25 11:00:00,Annual,Rate,Total,Total,Mental and behavioural disorders (F00-F99),Norway,2011,48.89,,
ESTAT:HLTH_CD_ASDR2(1.0),21/03/25 11:00:00,Annual,Rate,Total,Total,Mental and behavioural disorders (F00-F99),Norway,2012,53.34,,
ESTAT:HLTH_CD_ASDR2(1.0),21/03/25 11:00:00,Annual,Rate,Total,Total,Mental and behavioural disorders (F00-F99),Norway,2013,52.27,,
ESTAT:HLTH_CD_ASDR2(1.0),21/03/25 11:00:00,Annual,Rate,Total,Total,Mental and behavioural disorders (F00-F99),Norway,2014,55.48,,
ESTAT:HLTH_CD_ASDR2(1.0),21/03/25 11:00:00,Annual,Rate,Total,Total,Mental and behavioural disorders (F00-F99),Norway,2015,59.75,,
ESTAT:HLTH_CD_ASDR2(1.0),21/03/25 11:00:00,Annual,Rate,Total,Total,Mental and behavioural disorders (F00-F99),Norway,2016,62.52,,
ESTAT:HLTH_CD_ASDR2(1.0),21/03/25 11:00:00,Annual,Rate,Total,Total,Mental and behavioural disorders (F00-F99),Norway,2017,67.83,,
ESTAT:HLTH_CD_ASDR2(1.0),21/03/25 11:00:00,Annual,Rate,Total,Total,Mental and behavioural disorders (F00-F99),Norway,2018,69.4,,
ESTAT:HLTH_CD_ASDR2(1.0),21/03/25 11:00:00,Annual,Rate,Total,Total,Mental and behavioural disorders (F00-F99),Norway,2019,66.74,,
ESTAT:HLTH_CD_ASDR2(1.0),21/03/25 11:00:00,Annual,Rate,Total,Total,Mental and behavioural disorders (F00-F99),Norway,2020,64.4,,
ESTAT:HLTH_CD_ASDR2(1.0),21/03/25 11:00:00,Annual,Rate,Total,Total,Mental and behavioural disorders (F00-F99),Norway,2021,65.24,,
ESTAT:HLTH_CD_ASDR2(1.0),21/03/25 11:00:00,Annual,Rate,Total,Total,Mental and behavioural disorders (F00-F99),Norway,2022,68.52,,
ESTAT:HLTH_CD_ASDR2(1.0),21/03/25 11:00:00,Annual,Rate,Total,Total,Mental and behavioural disorders (F00-F99),Poland,2011,5,,
ESTAT:HLTH_CD_ASDR2(1.0),21/03/25 11:00:00,Annual,Rate,Total,Total,Mental and behavioural disorders (F00-F99),Poland,2012,4.7,,
ESTAT:HLTH_CD_ASDR2(1.0),21/03/25 11:00:00,Annual,Rate,Total,Total,Mental and behavioural disorders (F00-F99),Poland,2013,4.34,,
ESTAT:HLTH_CD_ASDR2(1.0),21/03/25 11:00:00,Annual,Rate,Total,Total,Mental and behavioural disorders (F00-F99),Poland,2014,4.17,,
ESTAT:HLTH_CD_ASDR2(1.0),21/03/25 11:00:00,Annual,Rate,Total,Total,Mental and behavioural disorders (F00-F99),Poland,2015,6.11,,
ESTAT:HLTH_CD_ASDR2(1.0),21/03/25 11:00:00,Annual,Rate,Total,Total,Mental and behavioural disorders (F00-F99),Poland,2016,8.87,,
ESTAT:HLTH_CD_ASDR2(1.0),21/03/25 11:00:00,Annual,Rate,Total,Total,Mental and behavioural disorders (F00-F99),Poland,2017,10.22,,
ESTAT:HLTH_CD_ASDR2(1.0),21/03/25 11:00:00,Annual,Rate,Total,Total,Mental and behavioural disorders (F00-F99),Poland,2018,10.22,,
ESTAT:HLTH_CD_ASDR2(1.0),21/03/25 11:00:00,Annual,Rate,Total,Total,Mental and behavioural disorders (F00-F99),Poland,2019,10.06,,
ESTAT:HLTH_CD_ASDR2(1.0),21/03/25 11:00:00,Annual,Rate,Total,Total,Mental and behavioural disorders (F00-F99),Poland,2020,11.52,,
ESTAT:HLTH_CD_ASDR2(1.0),21/03/25 11:00:00,Annual,Rate,Total,Total,Mental and behavioural disorders (F00-F99),Poland,2021,13.82,,
ESTAT:HLTH_CD_ASDR2(1.0),21/03/25 11:00:00,Annual,Rate,Total,Total,Mental and behavioural disorders (F00-F99),Poland,2022,16.81,,
ESTAT:HLTH_CD_ASDR2(1.0),21/03/25 11:00:00,Annual,Rate,Total,Total,Mental and behavioural disorders (F00-F99),Portugal,2011,1.75,,
ESTAT:HLTH_CD_ASDR2(1.0),21/03/25 11:00:00,Annual,Rate,Total,Total,Mental and behavioural disorders (F00-F99),Portugal,2012,1.72,,
ESTAT:HLTH_CD_ASDR2(1.0),21/03/25 11:00:00,Annual,Rate,Total,Total,Mental and behavioural disorders (F00-F99),Portugal,2013,21.92,,
ESTAT:HLTH_CD_ASDR2(1.0),21/03/25 11:00:00,Annual,Rate,Total,Total,Mental and behavioural disorders (F00-F99),Portugal,2014,25.61,,
ESTAT:HLTH_CD_ASDR2(1.0),21/03/25 11:00:00,Annual,Rate,Total,Total,Mental and behavioural disorders (F00-F99),Portugal,2015,30.92,,
ESTAT:HLTH_CD_ASDR2(1.0),21/03/25 11:00:00,Annual,Rate,Total,Total,Mental and behavioural disorders (F00-F99),Portugal,2016,33.98,,
ESTAT:HLTH_CD_ASDR2(1.0),21/03/25 11:00:00,Annual,Rate,Total,Total,Mental and behavioural disorders (F00-F99),Portugal,2017,36.25,,
ESTAT:HLTH_CD_ASDR2(1.0),21/03/25 11:00:00,Annual,Rate,Total,Total,Mental and behavioural disorders (F00-F99),Portugal,2018,43.09,,
ESTAT:HLTH_CD_ASDR2(1.0),21/03/25 11:00:00,Annual,Rate,Total,Total,Mental and behavioural disorders (F00-F99),Portugal,2019,49.13,,
ESTAT:HLTH_CD_ASDR2(1.0),21/03/25 11:00:00,Annual,Rate,Total,Total,Mental and behavioural disorders (F00-F99),Portugal,2020,54.17,,
ESTAT:HLTH_CD_ASDR2(1.0),21/03/25 11:00:00,Annual,Rate,Total,Total,Mental and behavioural disorders (F00-F99),Portugal,2021,47.66,,
ESTAT:HLTH_CD_ASDR2(1.0),21/03/25 11:00:00,Annual,Rate,Total,Total,Mental and behavioural disorders (F00-F99),Portugal,2022,48.98,,
ESTAT:HLTH_CD_ASDR2(1.0),21/03/25 11:00:00,Annual,Rate,Total,Total,Mental and behavioural disorders (F00-F99),Romania,2011,1.24,,
ESTAT:HLTH_CD_ASDR2(1.0),21/03/25 11:00:00,Annual,Rate,Total,Total,Mental and behavioural disorders (F00-F99),Romania,2012,0.97,,
ESTAT:HLTH_CD_ASDR2(1.0),21/03/25 11:00:00,Annual,Rate,Total,Total,Mental and behavioural disorders (F00-F99),Romania,2013,1.17,,
ESTAT:HLTH_CD_ASDR2(1.0),21/03/25 11:00:00,Annual,Rate,Total,Total,Mental and behavioural disorders (F00-F99),Romania,2014,1.94,,
ESTAT:HLTH_CD_ASDR2(1.0),21/03/25 11:00:00,Annual,Rate,Total,Total,Mental and behavioural disorders (F00-F99),Romania,2015,1.72,,
ESTAT:HLTH_CD_ASDR2(1.0),21/03/25 11:00:00,Annual,Rate,Total,Total,Mental and behavioural disorders (F00-F99),Romania,2016,1.99,,
ESTAT:HLTH_CD_ASDR2(1.0),21/03/25 11:00:00,Annual,Rate,Total,Total,Mental and behavioural disorders (F00-F99),Romania,2017,1.88,,
ESTAT:HLTH_CD_ASDR2(1.0),21/03/25 11:00:00,Annual,Rate,Total,Total,Mental and behavioural disorders (F00-F99),Romania,2018,1.92,,
ESTAT:HLTH_CD_ASDR2(1.0),21/03/25 11:00:00,Annual,Rate,Total,Total,Mental and behavioural disorders (F00-F99),Romania,2019,1.91,,
ESTAT:HLTH_CD_ASDR2(1.0),21/03/25 11:00:00,Annual,Rate,Total,Total,Mental and behavioural disorders (F00-F99),Romania,2020,2.04,,
ESTAT:HLTH_CD_ASDR2(1.0),21/03/25 11:00:00,Annual,Rate,Total,Total,Mental and behavioural disorders (F00-F99),Romania,2021,2.46,,
ESTAT:HLTH_CD_ASDR2(1.0),21/03/25 11:00:00,Annual,Rate,Total,Total,Mental and behavioural disorders (F00-F99),Romania,2022,2.3,,
ESTAT:HLTH_CD_ASDR2(1.0),21/03/25 11:00:00,Annual,Rate,Total,Total,Mental and behavioural disorders (F00-F99),Serbia,2011,22.04,,
ESTAT:HLTH_CD_ASDR2(1.0),21/03/25 11:00:00,Annual,Rate,Total,Total,Mental and behavioural disorders (F00-F99),Serbia,2012,21.69,,
ESTAT:HLTH_CD_ASDR2(1.0),21/03/25 11:00:00,Annual,Rate,Total,Total,Mental and behavioural disorders (F00-F99),Serbia,2013,24.09,,
ESTAT:HLTH_CD_ASDR2(1.0),21/03/25 11:00:00,Annual,Rate,Total,Total,Mental and behavioural disorders (F00-F99),Serbia,2014,24.99,,
ESTAT:HLTH_CD_ASDR2(1.0),21/03/25 11:00:00,Annual,Rate,Total,Total,Mental and behavioural disorders (F00-F99),Serbia,2015,27.04,,
ESTAT:HLTH_CD_ASDR2(1.0),21/03/25 11:00:00,Annual,Rate,Total,Total,Mental and behavioural disorders (F00-F99),Serbia,2016,25.53,,
ESTAT:HLTH_CD_ASDR2(1.0),21/03/25 11:00:00,Annual,Rate,Total,Total,Mental and behavioural disorders (F00-F99),Serbia,2017,25.61,,
ESTAT:HLTH_CD_ASDR2(1.0),21/03/25 11:00:00,Annual,Rate,Total,Total,Mental and behavioural disorders (F00-F99),Serbia,2018,23.35,,
ESTAT:HLTH_CD_ASDR2(1.0),21/03/25 11:00:00,Annual,Rate,Total,Total,Mental and behavioural disorders (F00-F99),Serbia,2019,23.85,,
ESTAT:HLTH_CD_ASDR2(1.0),21/03/25 11:00:00,Annual,Rate,Total,Total,Mental and behavioural disorders (F00-F99),Serbia,2020,25.16,,
ESTAT:HLTH_CD_ASDR2(1.0),21/03/25 11:00:00,Annual,Rate,Total,Total,Mental and behavioural disorders (F00-F99),Serbia,2021,26.36,,
ESTAT:HLTH_CD_ASDR2(1.0),21/03/25 11:00:00,Annual,Rate,Total,Total,Mental and behavioural disorders (F00-F99),Serbia,2022,28.28,,
ESTAT:HLTH_CD_ASDR2(1.0),21/03/25 11:00:00,Annual,Rate,Total,Total,Mental and behavioural disorders (F00-F99),Sweden,2011,58.03,,
ESTAT:HLTH_CD_ASDR2(1.0),21/03/25 11:00:00,Annual,Rate,Total,Total,Mental and behavioural disorders (F00-F99),Sweden,2012,61.43,,
ESTAT:HLTH_CD_ASDR2(1.0),21/03/25 11:00:00,Annual,Rate,Total,Total,Mental and behavioural disorders (F00-F99),Sweden,2013,62.02,,
ESTAT:HLTH_CD_ASDR2(1.0),21/03/25 11:00:00,Annual,Rate,Total,Total,Mental and behavioural disorders (F00-F99),Sweden,2014,61.79,,
ESTAT:HLTH_CD_ASDR2(1.0),21/03/25 11:00:00,Annual,Rate,Total,Total,Mental and behavioural disorders (F00-F99),Sweden,2015,63.23,,
ESTAT:HLTH_CD_ASDR2(1.0),21/03/25 11:00:00,Annual,Rate,Total,Total,Mental and behavioural disorders (F00-F99),Sweden,2016,65.16,,
ESTAT:HLTH_CD_ASDR2(1.0),21/03/25 11:00:00,Annual,Rate,Total,Total,Mental and behavioural disorders (F00-F99),Sweden,2017,64.8,,
ESTAT:HLTH_CD_ASDR2(1.0),21/03/25 11:00:00,Annual,Rate,Total,Total,Mental and behavioural disorders (F00-F99),Sweden,2018,66.65,,
ESTAT:HLTH_CD_ASDR2(1.0),21/03/25 11:00:00,Annual,Rate,Total,Total,Mental and behavioural disorders (F00-F99),Sweden,2019,62.71,,
ESTAT:HLTH_CD_ASDR2(1.0),21/03/25 11:00:00,Annual,Rate,Total,Total,Mental and behavioural disorders (F00-F99),Sweden,2020,62.32,,
ESTAT:HLTH_CD_ASDR2(1.0),21/03/25 11:00:00,Annual,Rate,Total,Total,Mental and behavioural disorders (F00-F99),Sweden,2021,53.96,,
ESTAT:HLTH_CD_ASDR2(1.0),21/03/25 11:00:00,Annual,Rate,Total,Total,Mental and behavioural disorders (F00-F99),Sweden,2022,55.92,,
ESTAT:HLTH_CD_ASDR2(1.0),21/03/25 11:00:00,Annual,Rate,Total,Total,Mental and behavioural disorders (F00-F99),Slovenia,2011,6.45,,
ESTAT:HLTH_CD_ASDR2(1.0),21/03/25 11:00:00,Annual,Rate,Total,Total,Mental and behavioural disorders (F00-F99),Slovenia,2012,8.09,,
ESTAT:HLTH_CD_ASDR2(1.0),21/03/25 11:00:00,Annual,Rate,Total,Total,Mental and behavioural disorders (F00-F99),Slovenia,2013,10.02,,
ESTAT:HLTH_CD_ASDR2(1.0),21/03/25 11:00:00,Annual,Rate,Total,Total,Mental and behavioural disorders (F00-F99),Slovenia,2014,9.77,,
ESTAT:HLTH_CD_ASDR2(1.0),21/03/25 11:00:00,Annual,Rate,Total,Total,Mental and behavioural disorders (F00-F99),Slovenia,2015,13.26,,
ESTAT:HLTH_CD_ASDR2(1.0),21/03/25 11:00:00,Annual,Rate,Total,Total,Mental and behavioural disorders (F00-F99),Slovenia,2016,14.64,,
ESTAT:HLTH_CD_ASDR2(1.0),21/03/25 11:00:00,Annual,Rate,Total,Total,Mental and behavioural disorders (F00-F99),Slovenia,2017,17.46,,
ESTAT:HLTH_CD_ASDR2(1.0),21/03/25 11:00:00,Annual,Rate,Total,Total,Mental and behavioural disorders (F00-F99),Slovenia,2018,17.61,,
ESTAT:HLTH_CD_ASDR2(1.0),21/03/25 11:00:00,Annual,Rate,Total,Total,Mental and behavioural disorders (F00-F99),Slovenia,2019,22.87,,
ESTAT:HLTH_CD_ASDR2(1.0),21/03/25 11:00:00,Annual,Rate,Total,Total,Mental and behavioural disorders (F00-F99),Slovenia,2020,19.53,,
ESTAT:HLTH_CD_ASDR2(1.0),21/03/25 11:00:00,Annual,Rate,Total,Total,Mental and behavioural disorders (F00-F99),Slovenia,2021,18.11,,
ESTAT:HLTH_CD_ASDR2(1.0),21/03/25 11:00:00,Annual,Rate,Total,Total,Mental and behavioural disorders (F00-F99),Slovenia,2022,18.59,,
ESTAT:HLTH_CD_ASDR2(1.0),21/03/25 11:00:00,Annual,Rate,Total,Total,Mental and behavioural disorders (F00-F99),Slovakia,2011,13.77,,
ESTAT:HLTH_CD_ASDR2(1.0),21/03/25 11:00:00,Annual,Rate,Total,Total,Mental and behavioural disorders (F00-F99),Slovakia,2012,30.84,,
ESTAT:HLTH_CD_ASDR2(1.0),21/03/25 11:00:00,Annual,Rate,Total,Total,Mental and behavioural disorders (F00-F99),Slovakia,2013,23.54,,
ESTAT:HLTH_CD_ASDR2(1.0),21/03/25 11:00:00,Annual,Rate,Total,Total,Mental and behavioural disorders (F00-F99),Slovakia,2014,29.39,,
ESTAT:HLTH_CD_ASDR2(1.0),21/03/25 11:00:00,Annual,Rate,Total,Total,Mental and behavioural disorders (F00-F99),Slovakia,2015,20.67,,
ESTAT:HLTH_CD_ASDR2(1.0),21/03/25 11:00:00,Annual,Rate,Total,Total,Mental and behavioural disorders (F00-F99),Slovakia,2016,25.78,,
ESTAT:HLTH_CD_ASDR2(1.0),21/03/25 11:00:00,Annual,Rate,Total,Total,Mental and behavioural disorders (F00-F99),Slovakia,2017,20.13,,
ESTAT:HLTH_CD_ASDR2(1.0),21/03/25 11:00:00,Annual,Rate,Total,Total,Mental and behavioural disorders (F00-F99),Slovakia,2018,21.69,,
ESTAT:HLTH_CD_ASDR2(1.0),21/03/25 11:00:00,Annual,Rate,Total,Total,Mental and behavioural disorders (F00-F99),Slovakia,2019,20.76,,
ESTAT:HLTH_CD_ASDR2(1.0),21/03/25 11:00:00,Annual,Rate,Total,Total,Mental and behavioural disorders (F00-F99),Slovakia,2020,19.24,,
ESTAT:HLTH_CD_ASDR2(1.0),21/03/25 11:00:00,Annual,Rate,Total,Total,Mental and behavioural disorders (F00-F99),Slovakia,2021,12.03,,
ESTAT:HLTH_CD_ASDR2(1.0),21/03/25 11:00:00,Annual,Rate,Total,Total,Mental and behavioural disorders (F00-F99),Slovakia,2022,11.05,,
ESTAT:HLTH_CD_ASDR2(1.0),21/03/25 11:00:00,Annual,Rate,Total,Total,Mental and behavioural disorders (F00-F99),Trkiye,2011,1.78,d,
ESTAT:HLTH_CD_ASDR2(1.0),21/03/25 11:00:00,Annual,Rate,Total,Total,Mental and behavioural disorders (F00-F99),Trkiye,2012,2.23,d,
ESTAT:HLTH_CD_ASDR2(1.0),21/03/25 11:00:00,Annual,Rate,Total,Total,Mental and behavioural disorders (F00-F99),Trkiye,2013,2.11,d,
ESTAT:HLTH_CD_ASDR2(1.0),21/03/25 11:00:00,Annual,Rate,Total,Total,Mental and behavioural disorders (F00-F99),Trkiye,2014,2,d,
ESTAT:HLTH_CD_ASDR2(1.0),21/03/25 11:00:00,Annual,Rate,Total,Total,Mental and behavioural disorders (F00-F99),Trkiye,2015,2,d,
ESTAT:HLTH_CD_ASDR2(1.0),21/03/25 11:00:00,Annual,Rate,Total,Total,Mental and behavioural disorders (F00-F99),Trkiye,2016,1.77,d,
ESTAT:HLTH_CD_ASDR2(1.0),21/03/25 11:00:00,Annual,Rate,Total,Total,Mental and behavioural disorders (F00-F99),Trkiye,2017,1.77,d,
ESTAT:HLTH_CD_ASDR2(1.0),21/03/25 11:00:00,Annual,Rate,Total,Total,Mental and behavioural disorders (F00-F99),Trkiye,2018,1.64,d,
ESTAT:HLTH_CD_ASDR2(1.0),21/03/25 11:00:00,Annual,Rate,Total,Total,Mental and behavioural disorders (F00-F99),Trkiye,2019,1.07,d,
ESTAT:HLTH_CD_ASDR2(1.0),21/03/25 11:00:00,Annual,Rate,Total,Total,Mental and behavioural disorders (F00-F99),Trkiye,2020,0.99,d,
ESTAT:HLTH_CD_ASDR2(1.0),21/03/25 11:00:00,Annual,Rate,Total,Total,Mental and behavioural disorders (F00-F99),Trkiye,2021,1.48,d,
ESTAT:HLTH_CD_ASDR2(1.0),21/03/25 11:00:00,Annual,Rate,Total,Total,Mental and behavioural disorders (F00-F99),Trkiye,2022,1.2,d,
ESTAT:HLTH_CD_ASDR2(1.0),21/03/25 11:00:00,Annual,Rate,Total,Total,Mental and behavioural disorders (F00-F99),United Kingdom,2011,63.87,d,
ESTAT:HLTH_CD_ASDR2(1.0),21/03/25 11:00:00,Annual,Rate,Total,Total,Mental and behavioural disorders (F00-F99),United Kingdom,2012,73.03,,
ESTAT:HLTH_CD_ASDR2(1.0),21/03/25 11:00:00,Annual,Rate,Total,Total,Mental and behavioural disorders (F00-F99),United Kingdom,2013,75.38,,
ESTAT:HLTH_CD_ASDR2(1.0),21/03/25 11:00:00,Annual,Rate,Total,Total,Mental and behavioural disorders (F00-F99),United Kingdom,2014,80.2,,
ESTAT:HLTH_CD_ASDR2(1.0),21/03/25 11:00:00,Annual,Rate,Total,Total,Mental and behavioural disorders (F00-F99),United Kingdom,2015,90.68,,
ESTAT:HLTH_CD_ASDR2(1.0),21/03/25 11:00:00,Annual,Rate,Total,Total,Mental and behavioural disorders (F00-F99),United Kingdom,2016,89.21,,
ESTAT:HLTH_CD_ASDR2(1.0),21/03/25 11:00:00,Annual,Rate,Total,Total,Mental and behavioural disorders (F00-F99),United Kingdom,2017,91.55,,
ESTAT:HLTH_CD_ASDR2(1.0),21/03/25 11:00:00,Annual,Rate,Total,Total,Mental and behavioural disorders (F00-F99),United Kingdom,2018,89.04,,
